instance_id,eval_status_no_memory,eval_status_raw,eval_status_adp,eval_status_memory,eval_error_no_memory,eval_error_raw,eval_error_adp,eval_error_memory
astropy__astropy-15082,unresolved,resolved,no_patch,no_patch,,,No patch,No patch
astropy__astropy-4973,unresolved,unresolved,unresolved,unresolved,,,,
django__django-11776,patch_failed,patch_failed,patch_failed,no_patch,Patch failed,Patch failed,Patch failed,No patch
django__django-18166,unresolved,unresolved,unresolved,unresolved,,,,
django__django-1891,unresolved,resolved,unresolved,unresolved,,,,
django__django-20098,unresolved,resolved,no_patch,resolved,,,No patch,
django__django-21204,unresolved,no_patch,unresolved,no_patch,,No patch,,No patch
django__django-21501,unresolved,unresolved,unresolved,unresolved,,,,
django__django-25916,unresolved,no_patch,no_patch,patch_failed,,No patch,No patch,Patch failed
django__django-26486,patch_failed,unresolved,unresolved,unresolved,Patch failed,,,
django__django-27910,unresolved,unresolved,unresolved,unresolved,,,,
django__django-27995,unresolved,unresolved,unresolved,unresolved,,,,
django__django-28211,unresolved,unresolved,resolved,resolved,,,,
django__django-28862,no_patch,unresolved,patch_failed,unresolved,No patch,,Patch failed,
django__django-28916,no_patch,patch_failed,unresolved,unresolved,No patch,Patch failed,,
django__django-29123,no_patch,no_patch,unresolved,unresolved,No patch,No patch,,
django__django-29124,unresolved,unresolved,unresolved,patch_failed,,,,Patch failed
django__django-29838,unresolved,unresolved,unresolved,unresolved,,,,
django__django-30153,no_patch,unresolved,unresolved,unresolved,No patch,,,
django__django-30254,no_patch,resolved,resolved,unresolved,No patch,,,
django__django-30651,unresolved,unresolved,unresolved,unresolved,,,,
django__django-30931,no_patch,resolved,unresolved,unresolved,No patch,,,
django__django-31051,unresolved,unresolved,unresolved,unresolved,,,,
django__django-31181,patch_failed,patch_failed,unresolved,resolved,Patch failed,Patch failed,,
django__django-31864,no_patch,no_patch,no_patch,no_patch,No patch,No patch,No patch,No patch
django__django-32260,patch_failed,unresolved,unresolved,unresolved,Patch failed,,,
django__django-32450,resolved,resolved,resolved,resolved,,,,
django__django-33461,resolved,resolved,resolved,unresolved,,,,
django__django-33871,no_patch,unresolved,no_patch,resolved,No patch,,No patch,
django__django-34176,no_patch,no_patch,no_patch,unresolved,No patch,No patch,No patch,
django__django-34481,unresolved,unresolved,unresolved,unresolved,,,,
django__django-34525,no_patch,unresolved,unresolved,unresolved,No patch,,,
django__django-34570,no_patch,no_patch,no_patch,resolved,No patch,No patch,No patch,
django__django-35356,no_patch,unresolved,unresolved,no_patch,No patch,,,No patch
matplotlib__matplotlib-10050,resolved,resolved,resolved,resolved,,,,
matplotlib__matplotlib-18294,unresolved,unresolved,unresolved,unresolved,,,,
matplotlib__matplotlib-22482,resolved,patch_failed,patch_failed,patch_failed,,Patch failed,Patch failed,Patch failed
matplotlib__matplotlib-22686,resolved,resolved,resolved,resolved,,,,
matplotlib__matplotlib-22706,resolved,resolved,resolved,resolved,,,,
matplotlib__matplotlib-23098,no_patch,unresolved,unresolved,no_patch,No patch,,,No patch
matplotlib__matplotlib-23172,unresolved,unresolved,unresolved,unresolved,,,,
matplotlib__matplotlib-23687,unresolved,unresolved,no_patch,unresolved,,,No patch,
matplotlib__matplotlib-24818,unresolved,unresolved,unresolved,unresolved,,,,
matplotlib__matplotlib-25352,no_patch,resolved,patch_failed,no_patch,No patch,,Patch failed,No patch
matplotlib__matplotlib-26331,no_patch,resolved,unresolved,no_patch,No patch,,,No patch
matplotlib__matplotlib-27361,unresolved,no_patch,resolved,resolved,,No patch,,
mwaskom__seaborn-3091,no_patch,resolved,resolved,resolved,No patch,,,
mwaskom__seaborn-3203,unresolved,unresolved,patch_failed,unresolved,,,Patch failed,
pallets__flask-4039,unresolved,unresolved,unresolved,unresolved,,,,
psf__requests-2344,no_patch,unresolved,unresolved,unresolved,No patch,,,
psf__requests-3359,unresolved,unresolved,unresolved,unresolved,,,,
psf__requests-3481,no_patch,unresolved,unresolved,unresolved,No patch,,,
pydata__xarray-4529,unresolved,unresolved,unresolved,unresolved,,,,
pydata__xarray-508,unresolved,unresolved,unresolved,unresolved,,,,
pylint-dev__pylint-6471,no_patch,resolved,resolved,unresolved,No patch,,,
pytest-dev__pytest-10341,no_patch,patch_failed,patch_failed,patch_failed,No patch,Patch failed,Patch failed,Patch failed
pytest-dev__pytest-9358,no_patch,unresolved,unresolved,unresolved,No patch,,,
scikit-learn__scikit-learn-12622,resolved,resolved,resolved,resolved,,,,
scikit-learn__scikit-learn-13771,patch_failed,unresolved,patch_failed,unresolved,Patch failed,,Patch failed,
scikit-learn__scikit-learn-15093,unresolved,unresolved,resolved,unresolved,,,,
scikit-learn__scikit-learn-25365,resolved,resolved,no_patch,resolved,,,No patch,
scikit-learn__scikit-learn-25578,unresolved,unresolved,no_patch,unresolved,,,No patch,
scikit-learn__scikit-learn-25634,unresolved,unresolved,unresolved,unresolved,,,,
scikit-learn__scikit-learn-25635,unresolved,unresolved,unresolved,unresolved,,,,
scikit-learn__scikit-learn-25637,unresolved,unresolved,unresolved,unresolved,,,,
scikit-learn__scikit-learn-25763,unresolved,unresolved,resolved,resolved,,,,
scikit-learn__scikit-learn-5970,unresolved,unresolved,unresolved,no_patch,,,,No patch
sphinx-doc__sphinx-8127,no_patch,no_patch,no_patch,no_patch,No patch,No patch,No patch,No patch
sphinx-doc__sphinx-8588,unresolved,no_patch,unresolved,unresolved,,No patch,,
sympy__sympy-11275,unresolved,unresolved,unresolved,unresolved,,,,
sympy__sympy-11286,no_patch,resolved,patch_failed,resolved,No patch,,Patch failed,
sympy__sympy-12426,unresolved,resolved,unresolved,unresolved,,,,
sympy__sympy-12427,unresolved,unresolved,unresolved,unresolved,,,,
sympy__sympy-12950,unresolved,unresolved,unresolved,unresolved,,,,
sympy__sympy-13039,unresolved,unresolved,unresolved,unresolved,,,,
sympy__sympy-15059,no_patch,unresolved,unresolved,unresolved,No patch,,,
sympy__sympy-16342,no_patch,patch_failed,patch_failed,unresolved,No patch,Patch failed,Patch failed,
sympy__sympy-16689,resolved,resolved,unresolved,resolved,,,,
sympy__sympy-16946,unresolved,unresolved,unresolved,no_patch,,,,No patch
sympy__sympy-16953,unresolved,no_patch,no_patch,no_patch,,No patch,No patch,No patch
sympy__sympy-17377,no_patch,no_patch,patch_failed,no_patch,No patch,No patch,Patch failed,No patch
sympy__sympy-18212,unresolved,unresolved,unresolved,unresolved,,,,
sympy__sympy-18715,unresolved,unresolved,unresolved,unresolved,,,,
sympy__sympy-19006,patch_failed,unresolved,verifier_setup_failed,unresolved,Patch failed,,Verifier setup failed: collected 0 tests after patch for sympy__sympy-19006; expected 52 requested tests,
sympy__sympy-19235,resolved,patch_failed,resolved,unresolved,,Patch failed,,
sympy__sympy-19484,no_patch,unresolved,resolved,unresolved,No patch,,,
sympy__sympy-19558,no_patch,no_patch,no_patch,no_patch,No patch,No patch,No patch,No patch
sympy__sympy-21203,no_patch,unresolved,no_patch,no_patch,No patch,,No patch,No patch
sympy__sympy-21309,no_patch,unresolved,unresolved,unresolved,No patch,,,
sympy__sympy-23852,unresolved,no_patch,unresolved,unresolved,,No patch,,
sympy__sympy-26642,no_patch,unresolved,unresolved,unresolved,No patch,,,
sympy__sympy-27868,no_patch,unresolved,unresolved,unresolved,No patch,,,
sympy__sympy-8772,unresolved,unresolved,unresolved,unresolved,,,,
sympy__sympy-9123,unresolved,unresolved,unresolved,unresolved,,,,
sympy__sympy-9384,no_patch,unresolved,unresolved,no_patch,No patch,,,No patch
