/mnt/data/shashwat/openhands-adp-memory/data/contextbench_phase2/execution_full_qwen36_65k_fix1/runs/astropy__astropy-15082/no_memory	command.json	2135
/mnt/data/shashwat/openhands-adp-memory/data/contextbench_phase2/execution_full_qwen36_65k_fix1/runs/astropy__astropy-15082/no_memory	prediction.json	1267
/mnt/data/shashwat/openhands-adp-memory/data/contextbench_phase2/execution_full_qwen36_65k_fix1/runs/astropy__astropy-15082/no_memory	patch.diff	1058
/mnt/data/shashwat/openhands-adp-memory/data/contextbench_phase2/execution_full_qwen36_65k_fix1/runs/astropy__astropy-15082/no_memory	stderr.log	694
/mnt/data/shashwat/openhands-adp-memory/data/contextbench_phase2/execution_full_qwen36_65k_fix1/runs/astropy__astropy-15082/no_memory	prompt.txt	3956
/mnt/data/shashwat/openhands-adp-memory/data/contextbench_phase2/execution_full_qwen36_65k_fix1/runs/astropy__astropy-15082/no_memory	stdout.jsonl	335068
/mnt/data/shashwat/openhands-adp-memory/data/contextbench_phase2/execution_full_qwen36_65k_fix1/runs/astropy__astropy-15082/no_memory	prediction_audit.json	1525
/mnt/data/shashwat/openhands-adp-memory/data/contextbench_phase2/execution_full_qwen36_65k_fix1/runs/astropy__astropy-15082/no_memory	run_meta.json	5421
/mnt/data/shashwat/openhands-adp-memory/data/contextbench_phase2/execution_full_qwen36_65k_fix1/runs/astropy__astropy-15082/raw	command.json	2117
/mnt/data/shashwat/openhands-adp-memory/data/contextbench_phase2/execution_full_qwen36_65k_fix1/runs/astropy__astropy-15082/raw	prediction.json	2385
/mnt/data/shashwat/openhands-adp-memory/data/contextbench_phase2/execution_full_qwen36_65k_fix1/runs/astropy__astropy-15082/raw	patch.diff	2172
/mnt/data/shashwat/openhands-adp-memory/data/contextbench_phase2/execution_full_qwen36_65k_fix1/runs/astropy__astropy-15082/raw	stderr.log	694
/mnt/data/shashwat/openhands-adp-memory/data/contextbench_phase2/execution_full_qwen36_65k_fix1/runs/astropy__astropy-15082/raw	prompt.txt	27735
/mnt/data/shashwat/openhands-adp-memory/data/contextbench_phase2/execution_full_qwen36_65k_fix1/runs/astropy__astropy-15082/raw	stdout.jsonl	466309
/mnt/data/shashwat/openhands-adp-memory/data/contextbench_phase2/execution_full_qwen36_65k_fix1/runs/astropy__astropy-15082/raw	prediction_audit.json	2631
/mnt/data/shashwat/openhands-adp-memory/data/contextbench_phase2/execution_full_qwen36_65k_fix1/runs/astropy__astropy-15082/raw	run_meta.json	5317
/mnt/data/shashwat/openhands-adp-memory/data/contextbench_phase2/execution_full_qwen36_65k_fix1/runs/astropy__astropy-15082/adp	command.json	2117
/mnt/data/shashwat/openhands-adp-memory/data/contextbench_phase2/execution_full_qwen36_65k_fix1/runs/astropy__astropy-15082/adp	prediction.json	156
/mnt/data/shashwat/openhands-adp-memory/data/contextbench_phase2/execution_full_qwen36_65k_fix1/runs/astropy__astropy-15082/adp	patch.diff	0
/mnt/data/shashwat/openhands-adp-memory/data/contextbench_phase2/execution_full_qwen36_65k_fix1/runs/astropy__astropy-15082/adp	stderr.log	2962
/mnt/data/shashwat/openhands-adp-memory/data/contextbench_phase2/execution_full_qwen36_65k_fix1/runs/astropy__astropy-15082/adp	prompt.txt	33059
/mnt/data/shashwat/openhands-adp-memory/data/contextbench_phase2/execution_full_qwen36_65k_fix1/runs/astropy__astropy-15082/adp	stdout.jsonl	79283
/mnt/data/shashwat/openhands-adp-memory/data/contextbench_phase2/execution_full_qwen36_65k_fix1/runs/astropy__astropy-15082/adp	prediction_audit.json	402
/mnt/data/shashwat/openhands-adp-memory/data/contextbench_phase2/execution_full_qwen36_65k_fix1/runs/astropy__astropy-15082/adp	run_meta.json	5305
/mnt/data/shashwat/openhands-adp-memory/data/contextbench_phase2/execution_full_qwen36_65k_fix1/runs/astropy__astropy-15082/memory	command.json	2126
/mnt/data/shashwat/openhands-adp-memory/data/contextbench_phase2/execution_full_qwen36_65k_fix1/runs/astropy__astropy-15082/memory	prediction.json	156
/mnt/data/shashwat/openhands-adp-memory/data/contextbench_phase2/execution_full_qwen36_65k_fix1/runs/astropy__astropy-15082/memory	patch.diff	0
/mnt/data/shashwat/openhands-adp-memory/data/contextbench_phase2/execution_full_qwen36_65k_fix1/runs/astropy__astropy-15082/memory	stderr.log	3286
/mnt/data/shashwat/openhands-adp-memory/data/contextbench_phase2/execution_full_qwen36_65k_fix1/runs/astropy__astropy-15082/memory	prompt.txt	21549
/mnt/data/shashwat/openhands-adp-memory/data/contextbench_phase2/execution_full_qwen36_65k_fix1/runs/astropy__astropy-15082/memory	stdout.jsonl	149687
/mnt/data/shashwat/openhands-adp-memory/data/contextbench_phase2/execution_full_qwen36_65k_fix1/runs/astropy__astropy-15082/memory	prediction_audit.json	408
/mnt/data/shashwat/openhands-adp-memory/data/contextbench_phase2/execution_full_qwen36_65k_fix1/runs/astropy__astropy-15082/memory	run_meta.json	5375
/mnt/data/shashwat/openhands-adp-memory/data/contextbench_phase2/execution_full_qwen36_65k_fix1/runs/django__django-1891/no_memory	command.json	2120
/mnt/data/shashwat/openhands-adp-memory/data/contextbench_phase2/execution_full_qwen36_65k_fix1/runs/django__django-1891/no_memory	prediction.json	2380
/mnt/data/shashwat/openhands-adp-memory/data/contextbench_phase2/execution_full_qwen36_65k_fix1/runs/django__django-1891/no_memory	patch.diff	2169
/mnt/data/shashwat/openhands-adp-memory/data/contextbench_phase2/execution_full_qwen36_65k_fix1/runs/django__django-1891/no_memory	stderr.log	694
/mnt/data/shashwat/openhands-adp-memory/data/contextbench_phase2/execution_full_qwen36_65k_fix1/runs/django__django-1891/no_memory	prompt.txt	2401
/mnt/data/shashwat/openhands-adp-memory/data/contextbench_phase2/execution_full_qwen36_65k_fix1/runs/django__django-1891/no_memory	stdout.jsonl	2058908
/mnt/data/shashwat/openhands-adp-memory/data/contextbench_phase2/execution_full_qwen36_65k_fix1/runs/django__django-1891/no_memory	prediction_audit.json	2630
/mnt/data/shashwat/openhands-adp-memory/data/contextbench_phase2/execution_full_qwen36_65k_fix1/runs/django__django-1891/no_memory	run_meta.json	5382
/mnt/data/shashwat/openhands-adp-memory/data/contextbench_phase2/execution_full_qwen36_65k_fix1/runs/django__django-1891/raw	command.json	2102
/mnt/data/shashwat/openhands-adp-memory/data/contextbench_phase2/execution_full_qwen36_65k_fix1/runs/django__django-1891/raw	prediction.json	5852
/mnt/data/shashwat/openhands-adp-memory/data/contextbench_phase2/execution_full_qwen36_65k_fix1/runs/django__django-1891/raw	patch.diff	5553
/mnt/data/shashwat/openhands-adp-memory/data/contextbench_phase2/execution_full_qwen36_65k_fix1/runs/django__django-1891/raw	stderr.log	694
/mnt/data/shashwat/openhands-adp-memory/data/contextbench_phase2/execution_full_qwen36_65k_fix1/runs/django__django-1891/raw	prompt.txt	35126
/mnt/data/shashwat/openhands-adp-memory/data/contextbench_phase2/execution_full_qwen36_65k_fix1/runs/django__django-1891/raw	stdout.jsonl	879990
/mnt/data/shashwat/openhands-adp-memory/data/contextbench_phase2/execution_full_qwen36_65k_fix1/runs/django__django-1891/raw	prediction_audit.json	6090
/mnt/data/shashwat/openhands-adp-memory/data/contextbench_phase2/execution_full_qwen36_65k_fix1/runs/django__django-1891/raw	run_meta.json	5237
/mnt/data/shashwat/openhands-adp-memory/data/contextbench_phase2/execution_full_qwen36_65k_fix1/runs/django__django-1891/adp	command.json	2102
/mnt/data/shashwat/openhands-adp-memory/data/contextbench_phase2/execution_full_qwen36_65k_fix1/runs/django__django-1891/adp	prediction.json	5127
/mnt/data/shashwat/openhands-adp-memory/data/contextbench_phase2/execution_full_qwen36_65k_fix1/runs/django__django-1891/adp	patch.diff	4846
/mnt/data/shashwat/openhands-adp-memory/data/contextbench_phase2/execution_full_qwen36_65k_fix1/runs/django__django-1891/adp	stderr.log	694
/mnt/data/shashwat/openhands-adp-memory/data/contextbench_phase2/execution_full_qwen36_65k_fix1/runs/django__django-1891/adp	prompt.txt	43492
/mnt/data/shashwat/openhands-adp-memory/data/contextbench_phase2/execution_full_qwen36_65k_fix1/runs/django__django-1891/adp	stdout.jsonl	2270173
/mnt/data/shashwat/openhands-adp-memory/data/contextbench_phase2/execution_full_qwen36_65k_fix1/runs/django__django-1891/adp	prediction_audit.json	5365
/mnt/data/shashwat/openhands-adp-memory/data/contextbench_phase2/execution_full_qwen36_65k_fix1/runs/django__django-1891/adp	run_meta.json	5295
/mnt/data/shashwat/openhands-adp-memory/data/contextbench_phase2/execution_full_qwen36_65k_fix1/runs/django__django-1891/memory	command.json	2111
/mnt/data/shashwat/openhands-adp-memory/data/contextbench_phase2/execution_full_qwen36_65k_fix1/runs/django__django-1891/memory	prediction.json	9075
/mnt/data/shashwat/openhands-adp-memory/data/contextbench_phase2/execution_full_qwen36_65k_fix1/runs/django__django-1891/memory	patch.diff	8646
/mnt/data/shashwat/openhands-adp-memory/data/contextbench_phase2/execution_full_qwen36_65k_fix1/runs/django__django-1891/memory	stderr.log	694
/mnt/data/shashwat/openhands-adp-memory/data/contextbench_phase2/execution_full_qwen36_65k_fix1/runs/django__django-1891/memory	prompt.txt	24842
/mnt/data/shashwat/openhands-adp-memory/data/contextbench_phase2/execution_full_qwen36_65k_fix1/runs/django__django-1891/memory	stdout.jsonl	1301625
/mnt/data/shashwat/openhands-adp-memory/data/contextbench_phase2/execution_full_qwen36_65k_fix1/runs/django__django-1891/memory	prediction_audit.json	9319
/mnt/data/shashwat/openhands-adp-memory/data/contextbench_phase2/execution_full_qwen36_65k_fix1/runs/django__django-1891/memory	run_meta.json	5308
/mnt/data/shashwat/openhands-adp-memory/data/contextbench_phase2/execution_full_qwen36_65k_fix1/runs/django__django-33871/no_memory	command.json	3019
/mnt/data/shashwat/openhands-adp-memory/data/contextbench_phase2/execution_full_qwen36_65k_fix1/runs/django__django-33871/no_memory	prediction.json	154
/mnt/data/shashwat/openhands-adp-memory/data/contextbench_phase2/execution_full_qwen36_65k_fix1/runs/django__django-33871/no_memory	patch.diff	0
/mnt/data/shashwat/openhands-adp-memory/data/contextbench_phase2/execution_full_qwen36_65k_fix1/runs/django__django-33871/no_memory	stderr.log	694
/mnt/data/shashwat/openhands-adp-memory/data/contextbench_phase2/execution_full_qwen36_65k_fix1/runs/django__django-33871/no_memory	prompt.txt	2066
/mnt/data/shashwat/openhands-adp-memory/data/contextbench_phase2/execution_full_qwen36_65k_fix1/runs/django__django-33871/no_memory	stdout.jsonl	669414
/mnt/data/shashwat/openhands-adp-memory/data/contextbench_phase2/execution_full_qwen36_65k_fix1/runs/django__django-33871/no_memory	prediction_audit.json	406
/mnt/data/shashwat/openhands-adp-memory/data/contextbench_phase2/execution_full_qwen36_65k_fix1/runs/django__django-33871/no_memory	run_meta.json	6626
/mnt/data/shashwat/openhands-adp-memory/data/contextbench_phase2/execution_full_qwen36_65k_fix1/runs/django__django-33871/raw	command.json	2965
/mnt/data/shashwat/openhands-adp-memory/data/contextbench_phase2/execution_full_qwen36_65k_fix1/runs/django__django-33871/raw	prediction.json	8594
/mnt/data/shashwat/openhands-adp-memory/data/contextbench_phase2/execution_full_qwen36_65k_fix1/runs/django__django-33871/raw	patch.diff	8086
/mnt/data/shashwat/openhands-adp-memory/data/contextbench_phase2/execution_full_qwen36_65k_fix1/runs/django__django-33871/raw	stderr.log	694
/mnt/data/shashwat/openhands-adp-memory/data/contextbench_phase2/execution_full_qwen36_65k_fix1/runs/django__django-33871/raw	prompt.txt	72151
/mnt/data/shashwat/openhands-adp-memory/data/contextbench_phase2/execution_full_qwen36_65k_fix1/runs/django__django-33871/raw	stdout.jsonl	893791
/mnt/data/shashwat/openhands-adp-memory/data/contextbench_phase2/execution_full_qwen36_65k_fix1/runs/django__django-33871/raw	prediction_audit.json	8834
/mnt/data/shashwat/openhands-adp-memory/data/contextbench_phase2/execution_full_qwen36_65k_fix1/runs/django__django-33871/raw	run_meta.json	6426
/mnt/data/shashwat/openhands-adp-memory/data/contextbench_phase2/execution_full_qwen36_65k_fix1/runs/django__django-33871/adp	command.json	2965
/mnt/data/shashwat/openhands-adp-memory/data/contextbench_phase2/execution_full_qwen36_65k_fix1/runs/django__django-33871/adp	prediction.json	154
/mnt/data/shashwat/openhands-adp-memory/data/contextbench_phase2/execution_full_qwen36_65k_fix1/runs/django__django-33871/adp	patch.diff	0
/mnt/data/shashwat/openhands-adp-memory/data/contextbench_phase2/execution_full_qwen36_65k_fix1/runs/django__django-33871/adp	stderr.log	694
/mnt/data/shashwat/openhands-adp-memory/data/contextbench_phase2/execution_full_qwen36_65k_fix1/runs/django__django-33871/adp	prompt.txt	87748
/mnt/data/shashwat/openhands-adp-memory/data/contextbench_phase2/execution_full_qwen36_65k_fix1/runs/django__django-33871/adp	stdout.jsonl	885521
/mnt/data/shashwat/openhands-adp-memory/data/contextbench_phase2/execution_full_qwen36_65k_fix1/runs/django__django-33871/adp	prediction_audit.json	394
/mnt/data/shashwat/openhands-adp-memory/data/contextbench_phase2/execution_full_qwen36_65k_fix1/runs/django__django-33871/adp	run_meta.json	6411
/mnt/data/shashwat/openhands-adp-memory/data/contextbench_phase2/execution_full_qwen36_65k_fix1/runs/django__django-33871/memory	command.json	2992
/mnt/data/shashwat/openhands-adp-memory/data/contextbench_phase2/execution_full_qwen36_65k_fix1/runs/django__django-33871/memory	prediction.json	9031
/mnt/data/shashwat/openhands-adp-memory/data/contextbench_phase2/execution_full_qwen36_65k_fix1/runs/django__django-33871/memory	patch.diff	8490
/mnt/data/shashwat/openhands-adp-memory/data/contextbench_phase2/execution_full_qwen36_65k_fix1/runs/django__django-33871/memory	stderr.log	694
/mnt/data/shashwat/openhands-adp-memory/data/contextbench_phase2/execution_full_qwen36_65k_fix1/runs/django__django-33871/memory	prompt.txt	25652
/mnt/data/shashwat/openhands-adp-memory/data/contextbench_phase2/execution_full_qwen36_65k_fix1/runs/django__django-33871/memory	stdout.jsonl	2427481
/mnt/data/shashwat/openhands-adp-memory/data/contextbench_phase2/execution_full_qwen36_65k_fix1/runs/django__django-33871/memory	prediction_audit.json	9277
/mnt/data/shashwat/openhands-adp-memory/data/contextbench_phase2/execution_full_qwen36_65k_fix1/runs/django__django-33871/memory	run_meta.json	7843
/mnt/data/shashwat/openhands-adp-memory/data/contextbench_phase2/execution_full_qwen36_65k_fix1/runs/django__django-34570/no_memory	command.json	3019
/mnt/data/shashwat/openhands-adp-memory/data/contextbench_phase2/execution_full_qwen36_65k_fix1/runs/django__django-34570/no_memory	prediction.json	154
/mnt/data/shashwat/openhands-adp-memory/data/contextbench_phase2/execution_full_qwen36_65k_fix1/runs/django__django-34570/no_memory	patch.diff	0
/mnt/data/shashwat/openhands-adp-memory/data/contextbench_phase2/execution_full_qwen36_65k_fix1/runs/django__django-34570/no_memory	stderr.log	694
/mnt/data/shashwat/openhands-adp-memory/data/contextbench_phase2/execution_full_qwen36_65k_fix1/runs/django__django-34570/no_memory	prompt.txt	6955
/mnt/data/shashwat/openhands-adp-memory/data/contextbench_phase2/execution_full_qwen36_65k_fix1/runs/django__django-34570/no_memory	stdout.jsonl	98707
/mnt/data/shashwat/openhands-adp-memory/data/contextbench_phase2/execution_full_qwen36_65k_fix1/runs/django__django-34570/no_memory	prediction_audit.json	406
/mnt/data/shashwat/openhands-adp-memory/data/contextbench_phase2/execution_full_qwen36_65k_fix1/runs/django__django-34570/no_memory	run_meta.json	6619
/mnt/data/shashwat/openhands-adp-memory/data/contextbench_phase2/execution_full_qwen36_65k_fix1/runs/django__django-34570/raw	command.json	2965
/mnt/data/shashwat/openhands-adp-memory/data/contextbench_phase2/execution_full_qwen36_65k_fix1/runs/django__django-34570/raw	prediction.json	154
/mnt/data/shashwat/openhands-adp-memory/data/contextbench_phase2/execution_full_qwen36_65k_fix1/runs/django__django-34570/raw	patch.diff	0
/mnt/data/shashwat/openhands-adp-memory/data/contextbench_phase2/execution_full_qwen36_65k_fix1/runs/django__django-34570/raw	stderr.log	694
/mnt/data/shashwat/openhands-adp-memory/data/contextbench_phase2/execution_full_qwen36_65k_fix1/runs/django__django-34570/raw	prompt.txt	23600
/mnt/data/shashwat/openhands-adp-memory/data/contextbench_phase2/execution_full_qwen36_65k_fix1/runs/django__django-34570/raw	stdout.jsonl	118138
/mnt/data/shashwat/openhands-adp-memory/data/contextbench_phase2/execution_full_qwen36_65k_fix1/runs/django__django-34570/raw	prediction_audit.json	394
/mnt/data/shashwat/openhands-adp-memory/data/contextbench_phase2/execution_full_qwen36_65k_fix1/runs/django__django-34570/raw	run_meta.json	6470
/mnt/data/shashwat/openhands-adp-memory/data/contextbench_phase2/execution_full_qwen36_65k_fix1/runs/django__django-34570/adp	command.json	2965
/mnt/data/shashwat/openhands-adp-memory/data/contextbench_phase2/execution_full_qwen36_65k_fix1/runs/django__django-34570/adp	prediction.json	154
/mnt/data/shashwat/openhands-adp-memory/data/contextbench_phase2/execution_full_qwen36_65k_fix1/runs/django__django-34570/adp	patch.diff	0
/mnt/data/shashwat/openhands-adp-memory/data/contextbench_phase2/execution_full_qwen36_65k_fix1/runs/django__django-34570/adp	stderr.log	694
/mnt/data/shashwat/openhands-adp-memory/data/contextbench_phase2/execution_full_qwen36_65k_fix1/runs/django__django-34570/adp	prompt.txt	30601
/mnt/data/shashwat/openhands-adp-memory/data/contextbench_phase2/execution_full_qwen36_65k_fix1/runs/django__django-34570/adp	stdout.jsonl	135912
/mnt/data/shashwat/openhands-adp-memory/data/contextbench_phase2/execution_full_qwen36_65k_fix1/runs/django__django-34570/adp	prediction_audit.json	394
/mnt/data/shashwat/openhands-adp-memory/data/contextbench_phase2/execution_full_qwen36_65k_fix1/runs/django__django-34570/adp	run_meta.json	6469
/mnt/data/shashwat/openhands-adp-memory/data/contextbench_phase2/execution_full_qwen36_65k_fix1/runs/django__django-34570/memory	command.json	2992
/mnt/data/shashwat/openhands-adp-memory/data/contextbench_phase2/execution_full_qwen36_65k_fix1/runs/django__django-34570/memory	prediction.json	2903
/mnt/data/shashwat/openhands-adp-memory/data/contextbench_phase2/execution_full_qwen36_65k_fix1/runs/django__django-34570/memory	patch.diff	2680
/mnt/data/shashwat/openhands-adp-memory/data/contextbench_phase2/execution_full_qwen36_65k_fix1/runs/django__django-34570/memory	stderr.log	694
/mnt/data/shashwat/openhands-adp-memory/data/contextbench_phase2/execution_full_qwen36_65k_fix1/runs/django__django-34570/memory	prompt.txt	21155
/mnt/data/shashwat/openhands-adp-memory/data/contextbench_phase2/execution_full_qwen36_65k_fix1/runs/django__django-34570/memory	stdout.jsonl	611472
/mnt/data/shashwat/openhands-adp-memory/data/contextbench_phase2/execution_full_qwen36_65k_fix1/runs/django__django-34570/memory	prediction_audit.json	3149
/mnt/data/shashwat/openhands-adp-memory/data/contextbench_phase2/execution_full_qwen36_65k_fix1/runs/django__django-34570/memory	run_meta.json	7954
/mnt/data/shashwat/openhands-adp-memory/data/contextbench_phase2/execution_full_qwen36_65k_fix1/runs/scikit-learn__scikit-learn-15093/no_memory	command.json	3151
/mnt/data/shashwat/openhands-adp-memory/data/contextbench_phase2/execution_full_qwen36_65k_fix1/runs/scikit-learn__scikit-learn-15093/no_memory	prediction.json	964
/mnt/data/shashwat/openhands-adp-memory/data/contextbench_phase2/execution_full_qwen36_65k_fix1/runs/scikit-learn__scikit-learn-15093/no_memory	patch.diff	783
/mnt/data/shashwat/openhands-adp-memory/data/contextbench_phase2/execution_full_qwen36_65k_fix1/runs/scikit-learn__scikit-learn-15093/no_memory	stderr.log	694
/mnt/data/shashwat/openhands-adp-memory/data/contextbench_phase2/execution_full_qwen36_65k_fix1/runs/scikit-learn__scikit-learn-15093/no_memory	prompt.txt	3362
/mnt/data/shashwat/openhands-adp-memory/data/contextbench_phase2/execution_full_qwen36_65k_fix1/runs/scikit-learn__scikit-learn-15093/no_memory	stdout.jsonl	364675
/mnt/data/shashwat/openhands-adp-memory/data/contextbench_phase2/execution_full_qwen36_65k_fix1/runs/scikit-learn__scikit-learn-15093/no_memory	prediction_audit.json	1252
/mnt/data/shashwat/openhands-adp-memory/data/contextbench_phase2/execution_full_qwen36_65k_fix1/runs/scikit-learn__scikit-learn-15093/no_memory	run_meta.json	6975
/mnt/data/shashwat/openhands-adp-memory/data/contextbench_phase2/execution_full_qwen36_65k_fix1/runs/scikit-learn__scikit-learn-15093/raw	command.json	3097
/mnt/data/shashwat/openhands-adp-memory/data/contextbench_phase2/execution_full_qwen36_65k_fix1/runs/scikit-learn__scikit-learn-15093/raw	prediction.json	1258
/mnt/data/shashwat/openhands-adp-memory/data/contextbench_phase2/execution_full_qwen36_65k_fix1/runs/scikit-learn__scikit-learn-15093/raw	patch.diff	1071
/mnt/data/shashwat/openhands-adp-memory/data/contextbench_phase2/execution_full_qwen36_65k_fix1/runs/scikit-learn__scikit-learn-15093/raw	stderr.log	694
/mnt/data/shashwat/openhands-adp-memory/data/contextbench_phase2/execution_full_qwen36_65k_fix1/runs/scikit-learn__scikit-learn-15093/raw	prompt.txt	26485
/mnt/data/shashwat/openhands-adp-memory/data/contextbench_phase2/execution_full_qwen36_65k_fix1/runs/scikit-learn__scikit-learn-15093/raw	stdout.jsonl	488017
/mnt/data/shashwat/openhands-adp-memory/data/contextbench_phase2/execution_full_qwen36_65k_fix1/runs/scikit-learn__scikit-learn-15093/raw	prediction_audit.json	1534
/mnt/data/shashwat/openhands-adp-memory/data/contextbench_phase2/execution_full_qwen36_65k_fix1/runs/scikit-learn__scikit-learn-15093/raw	run_meta.json	6813
/mnt/data/shashwat/openhands-adp-memory/data/contextbench_phase2/execution_full_qwen36_65k_fix1/runs/scikit-learn__scikit-learn-15093/adp	command.json	3097
/mnt/data/shashwat/openhands-adp-memory/data/contextbench_phase2/execution_full_qwen36_65k_fix1/runs/scikit-learn__scikit-learn-15093/adp	prediction.json	944
/mnt/data/shashwat/openhands-adp-memory/data/contextbench_phase2/execution_full_qwen36_65k_fix1/runs/scikit-learn__scikit-learn-15093/adp	patch.diff	762
/mnt/data/shashwat/openhands-adp-memory/data/contextbench_phase2/execution_full_qwen36_65k_fix1/runs/scikit-learn__scikit-learn-15093/adp	stderr.log	694
/mnt/data/shashwat/openhands-adp-memory/data/contextbench_phase2/execution_full_qwen36_65k_fix1/runs/scikit-learn__scikit-learn-15093/adp	prompt.txt	35081
/mnt/data/shashwat/openhands-adp-memory/data/contextbench_phase2/execution_full_qwen36_65k_fix1/runs/scikit-learn__scikit-learn-15093/adp	stdout.jsonl	430857
/mnt/data/shashwat/openhands-adp-memory/data/contextbench_phase2/execution_full_qwen36_65k_fix1/runs/scikit-learn__scikit-learn-15093/adp	prediction_audit.json	1220
/mnt/data/shashwat/openhands-adp-memory/data/contextbench_phase2/execution_full_qwen36_65k_fix1/runs/scikit-learn__scikit-learn-15093/adp	run_meta.json	6848
/mnt/data/shashwat/openhands-adp-memory/data/contextbench_phase2/execution_full_qwen36_65k_fix1/runs/scikit-learn__scikit-learn-15093/memory	command.json	3124
/mnt/data/shashwat/openhands-adp-memory/data/contextbench_phase2/execution_full_qwen36_65k_fix1/runs/scikit-learn__scikit-learn-15093/memory	prediction.json	12915
/mnt/data/shashwat/openhands-adp-memory/data/contextbench_phase2/execution_full_qwen36_65k_fix1/runs/scikit-learn__scikit-learn-15093/memory	patch.diff	12238
/mnt/data/shashwat/openhands-adp-memory/data/contextbench_phase2/execution_full_qwen36_65k_fix1/runs/scikit-learn__scikit-learn-15093/memory	stderr.log	694
/mnt/data/shashwat/openhands-adp-memory/data/contextbench_phase2/execution_full_qwen36_65k_fix1/runs/scikit-learn__scikit-learn-15093/memory	prompt.txt	21117
/mnt/data/shashwat/openhands-adp-memory/data/contextbench_phase2/execution_full_qwen36_65k_fix1/runs/scikit-learn__scikit-learn-15093/memory	stdout.jsonl	691582
/mnt/data/shashwat/openhands-adp-memory/data/contextbench_phase2/execution_full_qwen36_65k_fix1/runs/scikit-learn__scikit-learn-15093/memory	prediction_audit.json	13197
/mnt/data/shashwat/openhands-adp-memory/data/contextbench_phase2/execution_full_qwen36_65k_fix1/runs/scikit-learn__scikit-learn-15093/memory	run_meta.json	6890
/mnt/data/shashwat/openhands-adp-memory/data/contextbench_phase2/execution_full_qwen36_65k_fix1/runs/sympy__sympy-19484/no_memory	command.json	2997
/mnt/data/shashwat/openhands-adp-memory/data/contextbench_phase2/execution_full_qwen36_65k_fix1/runs/sympy__sympy-19484/no_memory	prediction.json	152
/mnt/data/shashwat/openhands-adp-memory/data/contextbench_phase2/execution_full_qwen36_65k_fix1/runs/sympy__sympy-19484/no_memory	patch.diff	0
/mnt/data/shashwat/openhands-adp-memory/data/contextbench_phase2/execution_full_qwen36_65k_fix1/runs/sympy__sympy-19484/no_memory	stderr.log	263
/mnt/data/shashwat/openhands-adp-memory/data/contextbench_phase2/execution_full_qwen36_65k_fix1/runs/sympy__sympy-19484/no_memory	prompt.txt	1546
/mnt/data/shashwat/openhands-adp-memory/data/contextbench_phase2/execution_full_qwen36_65k_fix1/runs/sympy__sympy-19484/no_memory	stdout.jsonl	217920
/mnt/data/shashwat/openhands-adp-memory/data/contextbench_phase2/execution_full_qwen36_65k_fix1/runs/sympy__sympy-19484/no_memory	prediction_audit.json	398
/mnt/data/shashwat/openhands-adp-memory/data/contextbench_phase2/execution_full_qwen36_65k_fix1/runs/sympy__sympy-19484/no_memory	run_meta.json	6559
/mnt/data/shashwat/openhands-adp-memory/data/contextbench_phase2/execution_full_qwen36_65k_fix1/runs/sympy__sympy-19484/raw	command.json	2943
/mnt/data/shashwat/openhands-adp-memory/data/contextbench_phase2/execution_full_qwen36_65k_fix1/runs/sympy__sympy-19484/raw	prediction.json	3185
/mnt/data/shashwat/openhands-adp-memory/data/contextbench_phase2/execution_full_qwen36_65k_fix1/runs/sympy__sympy-19484/raw	patch.diff	2963
/mnt/data/shashwat/openhands-adp-memory/data/contextbench_phase2/execution_full_qwen36_65k_fix1/runs/sympy__sympy-19484/raw	stderr.log	263
/mnt/data/shashwat/openhands-adp-memory/data/contextbench_phase2/execution_full_qwen36_65k_fix1/runs/sympy__sympy-19484/raw	prompt.txt	30186
/mnt/data/shashwat/openhands-adp-memory/data/contextbench_phase2/execution_full_qwen36_65k_fix1/runs/sympy__sympy-19484/raw	stdout.jsonl	1068686
/mnt/data/shashwat/openhands-adp-memory/data/contextbench_phase2/execution_full_qwen36_65k_fix1/runs/sympy__sympy-19484/raw	prediction_audit.json	3419
/mnt/data/shashwat/openhands-adp-memory/data/contextbench_phase2/execution_full_qwen36_65k_fix1/runs/sympy__sympy-19484/raw	run_meta.json	6431
/mnt/data/shashwat/openhands-adp-memory/data/contextbench_phase2/execution_full_qwen36_65k_fix1/runs/sympy__sympy-19484/adp	command.json	2943
/mnt/data/shashwat/openhands-adp-memory/data/contextbench_phase2/execution_full_qwen36_65k_fix1/runs/sympy__sympy-19484/adp	prediction.json	2587
/mnt/data/shashwat/openhands-adp-memory/data/contextbench_phase2/execution_full_qwen36_65k_fix1/runs/sympy__sympy-19484/adp	patch.diff	2374
/mnt/data/shashwat/openhands-adp-memory/data/contextbench_phase2/execution_full_qwen36_65k_fix1/runs/sympy__sympy-19484/adp	stderr.log	263
/mnt/data/shashwat/openhands-adp-memory/data/contextbench_phase2/execution_full_qwen36_65k_fix1/runs/sympy__sympy-19484/adp	prompt.txt	36579
/mnt/data/shashwat/openhands-adp-memory/data/contextbench_phase2/execution_full_qwen36_65k_fix1/runs/sympy__sympy-19484/adp	stdout.jsonl	995699
/mnt/data/shashwat/openhands-adp-memory/data/contextbench_phase2/execution_full_qwen36_65k_fix1/runs/sympy__sympy-19484/adp	prediction_audit.json	2821
/mnt/data/shashwat/openhands-adp-memory/data/contextbench_phase2/execution_full_qwen36_65k_fix1/runs/sympy__sympy-19484/adp	run_meta.json	6426
/mnt/data/shashwat/openhands-adp-memory/data/contextbench_phase2/execution_full_qwen36_65k_fix1/runs/sympy__sympy-19484/memory	command.json	2970
/mnt/data/shashwat/openhands-adp-memory/data/contextbench_phase2/execution_full_qwen36_65k_fix1/runs/sympy__sympy-19484/memory	prediction.json	3277
/mnt/data/shashwat/openhands-adp-memory/data/contextbench_phase2/execution_full_qwen36_65k_fix1/runs/sympy__sympy-19484/memory	patch.diff	3047
/mnt/data/shashwat/openhands-adp-memory/data/contextbench_phase2/execution_full_qwen36_65k_fix1/runs/sympy__sympy-19484/memory	stderr.log	263
/mnt/data/shashwat/openhands-adp-memory/data/contextbench_phase2/execution_full_qwen36_65k_fix1/runs/sympy__sympy-19484/memory	prompt.txt	15708
/mnt/data/shashwat/openhands-adp-memory/data/contextbench_phase2/execution_full_qwen36_65k_fix1/runs/sympy__sympy-19484/memory	stdout.jsonl	688316
/mnt/data/shashwat/openhands-adp-memory/data/contextbench_phase2/execution_full_qwen36_65k_fix1/runs/sympy__sympy-19484/memory	prediction_audit.json	3517
/mnt/data/shashwat/openhands-adp-memory/data/contextbench_phase2/execution_full_qwen36_65k_fix1/runs/sympy__sympy-19484/memory	run_meta.json	6506
/mnt/data/shashwat/openhands-adp-memory/data/contextbench_phase2/execution_full_qwen36_65k_fix1/runs/matplotlib__matplotlib-22482/no_memory	command.json	3107
/mnt/data/shashwat/openhands-adp-memory/data/contextbench_phase2/execution_full_qwen36_65k_fix1/runs/matplotlib__matplotlib-22482/no_memory	prediction.json	970
/mnt/data/shashwat/openhands-adp-memory/data/contextbench_phase2/execution_full_qwen36_65k_fix1/runs/matplotlib__matplotlib-22482/no_memory	patch.diff	783
/mnt/data/shashwat/openhands-adp-memory/data/contextbench_phase2/execution_full_qwen36_65k_fix1/runs/matplotlib__matplotlib-22482/no_memory	stderr.log	694
/mnt/data/shashwat/openhands-adp-memory/data/contextbench_phase2/execution_full_qwen36_65k_fix1/runs/matplotlib__matplotlib-22482/no_memory	prompt.txt	3311
/mnt/data/shashwat/openhands-adp-memory/data/contextbench_phase2/execution_full_qwen36_65k_fix1/runs/matplotlib__matplotlib-22482/no_memory	stdout.jsonl	624746
/mnt/data/shashwat/openhands-adp-memory/data/contextbench_phase2/execution_full_qwen36_65k_fix1/runs/matplotlib__matplotlib-22482/no_memory	prediction_audit.json	1246
/mnt/data/shashwat/openhands-adp-memory/data/contextbench_phase2/execution_full_qwen36_65k_fix1/runs/matplotlib__matplotlib-22482/no_memory	run_meta.json	6843
/mnt/data/shashwat/openhands-adp-memory/data/contextbench_phase2/execution_full_qwen36_65k_fix1/runs/matplotlib__matplotlib-22482/raw	command.json	3053
/mnt/data/shashwat/openhands-adp-memory/data/contextbench_phase2/execution_full_qwen36_65k_fix1/runs/matplotlib__matplotlib-22482/raw	prediction.json	13103
/mnt/data/shashwat/openhands-adp-memory/data/contextbench_phase2/execution_full_qwen36_65k_fix1/runs/matplotlib__matplotlib-22482/raw	patch.diff	12372
/mnt/data/shashwat/openhands-adp-memory/data/contextbench_phase2/execution_full_qwen36_65k_fix1/runs/matplotlib__matplotlib-22482/raw	stderr.log	694
/mnt/data/shashwat/openhands-adp-memory/data/contextbench_phase2/execution_full_qwen36_65k_fix1/runs/matplotlib__matplotlib-22482/raw	prompt.txt	28519
/mnt/data/shashwat/openhands-adp-memory/data/contextbench_phase2/execution_full_qwen36_65k_fix1/runs/matplotlib__matplotlib-22482/raw	stdout.jsonl	1240982
/mnt/data/shashwat/openhands-adp-memory/data/contextbench_phase2/execution_full_qwen36_65k_fix1/runs/matplotlib__matplotlib-22482/raw	prediction_audit.json	13367
/mnt/data/shashwat/openhands-adp-memory/data/contextbench_phase2/execution_full_qwen36_65k_fix1/runs/matplotlib__matplotlib-22482/raw	run_meta.json	6701
/mnt/data/shashwat/openhands-adp-memory/data/contextbench_phase2/execution_full_qwen36_65k_fix1/runs/matplotlib__matplotlib-22482/adp	command.json	3053
/mnt/data/shashwat/openhands-adp-memory/data/contextbench_phase2/execution_full_qwen36_65k_fix1/runs/matplotlib__matplotlib-22482/adp	prediction.json	105233
/mnt/data/shashwat/openhands-adp-memory/data/contextbench_phase2/execution_full_qwen36_65k_fix1/runs/matplotlib__matplotlib-22482/adp	patch.diff	103160
/mnt/data/shashwat/openhands-adp-memory/data/contextbench_phase2/execution_full_qwen36_65k_fix1/runs/matplotlib__matplotlib-22482/adp	stderr.log	3286
/mnt/data/shashwat/openhands-adp-memory/data/contextbench_phase2/execution_full_qwen36_65k_fix1/runs/matplotlib__matplotlib-22482/adp	prompt.txt	36095
/mnt/data/shashwat/openhands-adp-memory/data/contextbench_phase2/execution_full_qwen36_65k_fix1/runs/matplotlib__matplotlib-22482/adp	stdout.jsonl	1568615
/mnt/data/shashwat/openhands-adp-memory/data/contextbench_phase2/execution_full_qwen36_65k_fix1/runs/matplotlib__matplotlib-22482/adp	prediction_audit.json	105497
/mnt/data/shashwat/openhands-adp-memory/data/contextbench_phase2/execution_full_qwen36_65k_fix1/runs/matplotlib__matplotlib-22482/adp	run_meta.json	6725
/mnt/data/shashwat/openhands-adp-memory/data/contextbench_phase2/execution_full_qwen36_65k_fix1/runs/matplotlib__matplotlib-22482/memory	command.json	3080
/mnt/data/shashwat/openhands-adp-memory/data/contextbench_phase2/execution_full_qwen36_65k_fix1/runs/matplotlib__matplotlib-22482/memory	prediction.json	1042
/mnt/data/shashwat/openhands-adp-memory/data/contextbench_phase2/execution_full_qwen36_65k_fix1/runs/matplotlib__matplotlib-22482/memory	patch.diff	852
/mnt/data/shashwat/openhands-adp-memory/data/contextbench_phase2/execution_full_qwen36_65k_fix1/runs/matplotlib__matplotlib-22482/memory	stderr.log	694
/mnt/data/shashwat/openhands-adp-memory/data/contextbench_phase2/execution_full_qwen36_65k_fix1/runs/matplotlib__matplotlib-22482/memory	prompt.txt	23966
/mnt/data/shashwat/openhands-adp-memory/data/contextbench_phase2/execution_full_qwen36_65k_fix1/runs/matplotlib__matplotlib-22482/memory	stdout.jsonl	782944
/mnt/data/shashwat/openhands-adp-memory/data/contextbench_phase2/execution_full_qwen36_65k_fix1/runs/matplotlib__matplotlib-22482/memory	prediction_audit.json	1312
/mnt/data/shashwat/openhands-adp-memory/data/contextbench_phase2/execution_full_qwen36_65k_fix1/runs/matplotlib__matplotlib-22482/memory	run_meta.json	6786
/mnt/data/shashwat/openhands-adp-memory/data/contextbench_phase2/execution_full_qwen36_65k_fix1/runs/mwaskom__seaborn-3091/no_memory	command.json	3030
/mnt/data/shashwat/openhands-adp-memory/data/contextbench_phase2/execution_full_qwen36_65k_fix1/runs/mwaskom__seaborn-3091/no_memory	prediction.json	155
/mnt/data/shashwat/openhands-adp-memory/data/contextbench_phase2/execution_full_qwen36_65k_fix1/runs/mwaskom__seaborn-3091/no_memory	patch.diff	0
/mnt/data/shashwat/openhands-adp-memory/data/contextbench_phase2/execution_full_qwen36_65k_fix1/runs/mwaskom__seaborn-3091/no_memory	stderr.log	694
/mnt/data/shashwat/openhands-adp-memory/data/contextbench_phase2/execution_full_qwen36_65k_fix1/runs/mwaskom__seaborn-3091/no_memory	prompt.txt	2864
/mnt/data/shashwat/openhands-adp-memory/data/contextbench_phase2/execution_full_qwen36_65k_fix1/runs/mwaskom__seaborn-3091/no_memory	stdout.jsonl	2057851
/mnt/data/shashwat/openhands-adp-memory/data/contextbench_phase2/execution_full_qwen36_65k_fix1/runs/mwaskom__seaborn-3091/no_memory	prediction_audit.json	411
/mnt/data/shashwat/openhands-adp-memory/data/contextbench_phase2/execution_full_qwen36_65k_fix1/runs/mwaskom__seaborn-3091/no_memory	run_meta.json	6658
/mnt/data/shashwat/openhands-adp-memory/data/contextbench_phase2/execution_full_qwen36_65k_fix1/runs/mwaskom__seaborn-3091/raw	command.json	2976
/mnt/data/shashwat/openhands-adp-memory/data/contextbench_phase2/execution_full_qwen36_65k_fix1/runs/mwaskom__seaborn-3091/raw	prediction.json	1980
/mnt/data/shashwat/openhands-adp-memory/data/contextbench_phase2/execution_full_qwen36_65k_fix1/runs/mwaskom__seaborn-3091/raw	patch.diff	1739
/mnt/data/shashwat/openhands-adp-memory/data/contextbench_phase2/execution_full_qwen36_65k_fix1/runs/mwaskom__seaborn-3091/raw	stderr.log	3286
/mnt/data/shashwat/openhands-adp-memory/data/contextbench_phase2/execution_full_qwen36_65k_fix1/runs/mwaskom__seaborn-3091/raw	prompt.txt	24651
/mnt/data/shashwat/openhands-adp-memory/data/contextbench_phase2/execution_full_qwen36_65k_fix1/runs/mwaskom__seaborn-3091/raw	stdout.jsonl	97871
/mnt/data/shashwat/openhands-adp-memory/data/contextbench_phase2/execution_full_qwen36_65k_fix1/runs/mwaskom__seaborn-3091/raw	prediction_audit.json	2224
/mnt/data/shashwat/openhands-adp-memory/data/contextbench_phase2/execution_full_qwen36_65k_fix1/runs/mwaskom__seaborn-3091/raw	run_meta.json	6511
/mnt/data/shashwat/openhands-adp-memory/data/contextbench_phase2/execution_full_qwen36_65k_fix1/runs/mwaskom__seaborn-3091/adp	command.json	2976
/mnt/data/shashwat/openhands-adp-memory/data/contextbench_phase2/execution_full_qwen36_65k_fix1/runs/mwaskom__seaborn-3091/adp	prediction.json	2502
/mnt/data/shashwat/openhands-adp-memory/data/contextbench_phase2/execution_full_qwen36_65k_fix1/runs/mwaskom__seaborn-3091/adp	patch.diff	2253
/mnt/data/shashwat/openhands-adp-memory/data/contextbench_phase2/execution_full_qwen36_65k_fix1/runs/mwaskom__seaborn-3091/adp	stderr.log	694
/mnt/data/shashwat/openhands-adp-memory/data/contextbench_phase2/execution_full_qwen36_65k_fix1/runs/mwaskom__seaborn-3091/adp	prompt.txt	28806
/mnt/data/shashwat/openhands-adp-memory/data/contextbench_phase2/execution_full_qwen36_65k_fix1/runs/mwaskom__seaborn-3091/adp	stdout.jsonl	405700
/mnt/data/shashwat/openhands-adp-memory/data/contextbench_phase2/execution_full_qwen36_65k_fix1/runs/mwaskom__seaborn-3091/adp	prediction_audit.json	2746
/mnt/data/shashwat/openhands-adp-memory/data/contextbench_phase2/execution_full_qwen36_65k_fix1/runs/mwaskom__seaborn-3091/adp	run_meta.json	9767
/mnt/data/shashwat/openhands-adp-memory/data/contextbench_phase2/execution_full_qwen36_65k_fix1/runs/mwaskom__seaborn-3091/memory	command.json	3003
/mnt/data/shashwat/openhands-adp-memory/data/contextbench_phase2/execution_full_qwen36_65k_fix1/runs/mwaskom__seaborn-3091/memory	prediction.json	1973
/mnt/data/shashwat/openhands-adp-memory/data/contextbench_phase2/execution_full_qwen36_65k_fix1/runs/mwaskom__seaborn-3091/memory	patch.diff	1733
/mnt/data/shashwat/openhands-adp-memory/data/contextbench_phase2/execution_full_qwen36_65k_fix1/runs/mwaskom__seaborn-3091/memory	stderr.log	694
/mnt/data/shashwat/openhands-adp-memory/data/contextbench_phase2/execution_full_qwen36_65k_fix1/runs/mwaskom__seaborn-3091/memory	prompt.txt	21431
/mnt/data/shashwat/openhands-adp-memory/data/contextbench_phase2/execution_full_qwen36_65k_fix1/runs/mwaskom__seaborn-3091/memory	stdout.jsonl	308792
/mnt/data/shashwat/openhands-adp-memory/data/contextbench_phase2/execution_full_qwen36_65k_fix1/runs/mwaskom__seaborn-3091/memory	prediction_audit.json	2223
/mnt/data/shashwat/openhands-adp-memory/data/contextbench_phase2/execution_full_qwen36_65k_fix1/runs/mwaskom__seaborn-3091/memory	run_meta.json	6587
