instance_id,repo,prior_instance_id,target_instance_id,base_commit,condition_set_complete,resolved_no_memory,resolved_raw,resolved_adp,resolved_memory,eval_status_no_memory,eval_status_raw,eval_status_adp,eval_status_memory,eval_error_no_memory,eval_error_raw,eval_error_adp,eval_error_memory,empty_patch_no_memory,empty_patch_raw,empty_patch_adp,empty_patch_memory,non_empty_patch_no_memory,non_empty_patch_raw,non_empty_patch_adp,non_empty_patch_memory,patch_failed_no_memory,patch_failed_raw,patch_failed_adp,patch_failed_memory,no_patch_eval_no_memory,no_patch_eval_raw,no_patch_eval_adp,no_patch_eval_memory,patch_bytes_no_memory,patch_bytes_raw,patch_bytes_adp,patch_bytes_memory,patch_lines_added_no_memory,patch_lines_added_raw,patch_lines_added_adp,patch_lines_added_memory,patch_lines_deleted_no_memory,patch_lines_deleted_raw,patch_lines_deleted_adp,patch_lines_deleted_memory,patch_files_changed_no_memory,patch_files_changed_raw,patch_files_changed_adp,patch_files_changed_memory,run_exit_code_no_memory,run_exit_code_raw,run_exit_code_adp,run_exit_code_memory,run_status_no_memory,run_status_raw,run_status_adp,run_status_memory,openhands_iterations_no_memory,openhands_iterations_raw,openhands_iterations_adp,openhands_iterations_memory,llm_calls_no_memory,llm_calls_raw,llm_calls_adp,llm_calls_memory,input_tokens_no_memory,input_tokens_raw,input_tokens_adp,input_tokens_memory,output_tokens_no_memory,output_tokens_raw,output_tokens_adp,output_tokens_memory,total_tokens_no_memory,total_tokens_raw,total_tokens_adp,total_tokens_memory,max_turn_tokens_no_memory,max_turn_tokens_raw,max_turn_tokens_adp,max_turn_tokens_memory,wall_seconds_no_memory,wall_seconds_raw,wall_seconds_adp,wall_seconds_memory,prompt_chars_no_memory,prompt_chars_raw,prompt_chars_adp,prompt_chars_memory,prior_context_chars_no_memory,prior_context_chars_raw,prior_context_chars_adp,prior_context_chars_memory,empty_patch_cause_no_memory,empty_patch_cause_raw,empty_patch_cause_adp,empty_patch_cause_memory,notes
astropy__astropy-15082,astropy/astropy,astropy__astropy-14995,astropy__astropy-15082,c5e2521db013d9641999be9c79d1d807741bc39a,True,0,1,0,0,unresolved,resolved,no_patch,no_patch,,,No patch,No patch,0,0,1,1,1,1,0,0,0,0,0,0,0,0,1,1,1058,2172,0,0,3,14,0,0,4,11,0,0,2,1,0,0,0,0,0,0,success,success,success_empty_patch,success_empty_patch,75,30,4,21,86,29,4,22,1813400,1157671,97992,603507,15336,10561,372,3505,1828736,1168232,98364,607012,31448,60138,28126,36059,863.575,429.633,981.181,450.402,3950,27043,32367,21055,0,23057,28372,17060,,,normal_no_edit,normal_no_edit,
astropy__astropy-4973,astropy/astropy,astropy__astropy-7746,astropy__astropy-4973,d5bd3f68bb6d5ce3a61bdce9883ee750d1afade5,True,0,0,0,0,unresolved,unresolved,unresolved,unresolved,,,,,0,0,0,0,1,1,1,1,0,0,0,0,0,0,0,0,1057,2964,1366,1508,6,55,11,16,0,0,0,0,1,2,1,1,0,0,0,0,success,success,success,success,30,38,46,20,31,38,48,21,991300,1645431,1559967,535636,5423,9135,9752,5183,996723,1654566,1569719,540819,50418,64827,48507,43956,502.53,542.533,843.302,299.733,3662,19497,23500,16507,0,15799,19793,12800,,,,,
django__django-11776,django/django,django__django-14608,django__django-11776,9cbf7f25efa6ba3c4419b46fa11977e8b967aa26,True,0,0,0,0,patch_failed,patch_failed,patch_failed,no_patch,Patch failed,Patch failed,Patch failed,No patch,0,0,0,1,1,1,1,0,1,1,1,0,0,0,0,1,3556,12204,11443,0,39,33,33,0,3,17,16,0,3,7,7,0,0,0,0,0,success,success,success,success_empty_patch,4,47,36,29,4,47,37,28,1429833,2815148,6148316,753810,13774,20421,42167,3739,1443607,2835569,6190483,757549,39367,50571,53679,33934,2257.204,1006.436,2085.247,471.589,1973,23836,29743,18631,0,21827,27725,16613,,,,normal_no_edit,
django__django-18166,django/django,django__django-16041,django__django-18166,19e67c6cd13d6442abb2a6eba1b7fba80dcf5457,True,0,0,0,0,unresolved,unresolved,unresolved,unresolved,,,,,0,0,0,0,1,1,1,1,0,0,0,0,0,0,0,0,5773,1867,7169,1881,90,13,159,12,2,1,3,1,2,1,2,1,0,0,0,0,success,success,success,success,31,37,27,39,31,35,28,39,789817,1111944,826107,1237666,8390,9322,8718,38256,798207,1121266,834825,1275922,39540,41330,39455,48416,306.142,484.478,784.71,978.248,3101,16582,20881,14709,0,13445,17735,11563,,,,,
django__django-1891,django/django,django__django-13315,django__django-1891,36bc47069ce071e80c8129500de3b8664d2058a7,True,0,1,0,0,unresolved,resolved,unresolved,unresolved,,,,,0,0,0,0,1,1,1,1,0,0,0,0,0,0,0,0,2169,5553,4846,8646,29,84,76,182,1,5,6,6,2,3,3,4,0,0,0,0,success,success,success,success,116,19,43,79,114,19,41,71,2502539,1033600,1879330,2488525,66015,5988,12886,21282,2568554,1039588,1892216,2509807,65538,44091,59614,44999,2249.346,269.275,536.017,852.713,2401,34524,42890,24446,0,32087,40444,22000,,,,,
django__django-20098,django/django,django__django-11630,django__django-20098,e626a3f993fc0581a3e0770a3930ac1fc20196cb,True,0,1,0,1,unresolved,resolved,no_patch,resolved,,,No patch,,0,0,1,0,1,1,0,1,0,0,0,0,0,0,1,0,7909,5089,0,3865,183,100,0,67,0,0,0,0,2,2,0,2,0,0,0,0,success,success,success_empty_patch,success,93,56,2,33,95,56,2,34,2995160,1987094,40675,868778,70064,16859,289,6092,3065224,2003953,40964,874870,65538,50947,21618,42930,2059.508,820.399,269.669,271.629,1732,25010,31396,20408,0,23242,29619,18631,,,normal_no_edit,,
django__django-21204,django/django,django__django-16910,django__django-21204,5d12650ed9269acb3cba97fd70e8df2e35a55a54,True,0,0,0,0,unresolved,no_patch,unresolved,no_patch,,No patch,,No patch,0,1,0,1,1,0,1,0,0,0,0,0,0,1,0,1,3812,0,4141,0,81,0,129,0,0,0,0,0,1,0,1,0,0,0,0,0,success,success_empty_patch,success,success_empty_patch,38,29,69,8,41,29,75,5,1335596,1011675,2738687,1555401,19813,3441,23570,48981,1355409,1015116,2762257,1604382,54961,45651,43776,65538,904.25,398.962,905.961,1529.098,2609,19070,26071,16675,0,16425,23417,14021,,normal_no_edit,,normal_no_edit,
django__django-21501,django/django,django__django-16041,django__django-21501,19e67c6cd13d6442abb2a6eba1b7fba80dcf5457,True,0,0,0,0,unresolved,unresolved,unresolved,unresolved,,,,,0,0,0,0,1,1,1,1,0,0,0,0,0,0,0,0,767,803,767,820,5,7,5,8,0,0,0,0,1,1,1,1,0,0,0,0,success,success,success,success,19,6,24,7,20,6,24,8,328783,510016,672958,626819,3284,4457,5358,4297,332067,514473,678316,631116,23254,32678,36144,30185,138.989,186.918,219.784,192.849,2712,16193,20492,14320,0,13445,17735,11563,,,,,
django__django-25916,django/django,django__django-16255,django__django-25916,2ccc0b22db6730ba0950b10bbc5238ae575e4a45,True,0,0,0,0,unresolved,no_patch,no_patch,patch_failed,,No patch,No patch,Patch failed,0,1,1,0,1,0,0,1,0,0,0,1,0,1,1,0,1730,0,0,10542,16,0,0,46,2,0,0,23,1,0,0,5,0,0,0,0,success,success_empty_patch,success_empty_patch,success,18,15,10,0,20,10,10,73,370475,244671,227382,2591324,3477,2085,1240,171226,373952,246756,228622,2762550,27618,32181,33492,65539,139.387,463.06,452.083,4390.011,1465,15496,19962,13207,0,13995,18452,11697,,normal_no_edit,normal_no_edit,,
django__django-26486,django/django,django__django-16910,django__django-26486,c339a5a6f72690cd90d5a653dc108fbb60274a20,True,0,0,0,0,patch_failed,unresolved,unresolved,unresolved,Patch failed,,,,0,0,0,0,1,1,1,1,1,0,0,0,0,0,0,0,5767,1599,6216,3864,108,47,147,63,7,0,0,5,3,1,3,2,0,0,0,0,success,success,success,success,40,16,39,13,41,16,38,13,1548688,375091,4505828,2010838,59687,2370,216091,28654,1608375,377461,4721919,2039492,65538,30420,98304,52916,1817.802,525.406,5784.982,1467.03,1622,18083,25084,15688,0,16425,23417,14021,,,,,
django__django-27910,django/django,django__django-11742,django__django-27910,25706d728536fea88e12f62856de7c4b569ae282,True,0,0,0,0,unresolved,unresolved,unresolved,unresolved,,,,,0,0,0,0,1,1,1,1,0,0,0,0,0,0,0,0,3292,9666,8513,7938,37,173,212,196,0,1,1,0,2,4,2,3,0,0,0,0,success,success,success,success,34,86,40,0,34,84,41,139,2236264,2824772,1564423,3915783,21060,21869,12638,137633,2257324,2846641,1577061,4053416,35755,42900,50415,98304,1034.273,1154.19,864.168,3971.125,2638,34354,42186,23725,0,31680,39503,21042,,,,,
django__django-27995,django/django,django__django-12908,django__django-27995,f13147c8de725eed7038941758469aeb9bd66503,True,0,0,0,0,unresolved,unresolved,unresolved,unresolved,,,,,0,0,0,0,1,1,1,1,0,0,0,0,0,0,0,0,11137,4650,27388,2487,116,18,434,67,1,1,30,0,2,1,4,1,0,0,0,0,success,success,success,success,97,56,177,23,103,56,171,18,2860571,2006517,6891277,455412,133757,46911,69897,3244,2994328,2053428,6961174,458656,98304,71043,60948,29705,3459.56,1899.027,2647.109,372.384,1737,28574,36383,21362,0,26801,34601,19580,,,,,
django__django-28211,django/django,django__django-14016,django__django-28211,67e1afb4a8478af6725e45a9fdcd2a511b2eb005,True,0,0,1,1,unresolved,unresolved,resolved,resolved,,,,,0,0,0,0,1,1,1,1,0,0,0,0,0,0,0,0,5647,4703,2004,2911,118,123,31,51,0,0,0,0,2,2,2,2,0,0,0,0,success,success,success,success,65,40,46,42,69,41,39,41,2252728,1650696,1751529,1573035,16847,19717,14077,12720,2269575,1670413,1765606,1585755,48993,61887,64310,53921,6150.817,1784.799,598.913,499.103,2207,24847,30715,21689,0,22604,28463,19437,,,,,
django__django-28862,django/django,django__django-12708,django__django-28862,55b6f7af0c6ab7f25818445cfbb9e18ddafedcc9,True,0,0,0,0,no_patch,unresolved,patch_failed,unresolved,No patch,,Patch failed,,1,0,0,0,0,1,1,1,0,0,1,0,1,0,0,0,0,6967,8857,8415,0,183,150,220,0,0,14,0,0,1,4,1,0,0,0,0,success_empty_patch,success,success,success,17,24,23,22,19,24,25,22,1306754,692633,6232128,606584,8309,7487,336906,7221,1315063,700120,6569034,613805,45067,40477,98304,40437,543.661,514.51,9062.356,603.348,1734,22954,28854,18885,0,21184,27075,17106,normal_no_edit,,,,
django__django-28916,django/django,django__django-12708,django__django-28916,55b6f7af0c6ab7f25818445cfbb9e18ddafedcc9,True,0,0,0,0,no_patch,patch_failed,unresolved,unresolved,No patch,Patch failed,,,1,0,0,0,0,1,1,1,0,1,0,0,1,0,0,0,0,2708,5228,1209,0,14,139,10,0,4,0,0,0,2,1,1,0,0,0,0,success_empty_patch,success,success,success,38,86,20,18,40,84,18,18,858370,5263906,5096275,1561230,6855,282430,515745,13610,865225,5546336,5612020,1574840,34535,98307,98304,49644,450.674,7485.738,12839.546,758.314,2478,23698,29598,19629,0,21184,27075,17106,normal_no_edit,,,,
django__django-29123,django/django,django__django-12708,django__django-29123,55b6f7af0c6ab7f25818445cfbb9e18ddafedcc9,True,0,0,0,0,no_patch,no_patch,unresolved,unresolved,No patch,No patch,,,1,1,0,0,0,0,1,1,0,0,0,0,1,1,0,0,0,0,4509,4590,0,0,55,45,0,0,7,0,0,0,2,2,0,0,0,0,success_empty_patch,success_empty_patch,success,success,24,32,98,28,24,33,104,28,560374,1932469,4573223,4860273,69365,182864,233783,90241,629739,2115333,4807006,4950514,98304,98305,98304,98304,1640.007,4451.483,6538.878,2920.963,3418,24638,30538,20569,0,21184,27075,17106,normal_no_edit,normal_no_edit,,,
django__django-29124,django/django,django__django-12708,django__django-29124,55b6f7af0c6ab7f25818445cfbb9e18ddafedcc9,True,0,0,0,0,unresolved,unresolved,unresolved,patch_failed,,,,Patch failed,0,0,0,0,1,1,1,1,0,0,0,1,0,0,0,0,77472,3792,4513,7480,1629,15,121,136,0,7,0,4,4,2,1,3,0,0,0,0,success,success,success,success,27,45,26,45,25,46,24,41,8019999,1687394,749005,3328487,359481,58002,7852,358875,8379480,1745396,756857,3687362,65538,65539,37923,98304,9558.989,1992.373,664.05,9307.079,3863,25083,30983,21014,0,21184,27075,17106,,,,,
django__django-29838,django/django,django__django-13220,django__django-29838,6752c2756eb9be28a37021d664b805ec169369d6,True,0,0,0,0,unresolved,unresolved,unresolved,unresolved,,,,,0,0,0,0,1,1,1,1,0,0,0,0,0,0,0,0,2177,1570,1774,2561,24,19,19,42,2,2,1,1,2,2,2,2,0,0,0,0,success,success,success,success,22,19,22,0,22,19,23,28,452809,490308,715841,632637,4353,3752,4637,4806,457162,494060,720478,637443,27771,31800,37189,30715,178.198,162.612,207.487,211.75,2014,25842,31762,20322,0,23792,29703,18263,,,,,
django__django-30153,django/django,django__django-11019,django__django-30153,1933e56eca1ad17de7dd133bfb7cbee9858a75a3,True,0,0,0,0,no_patch,unresolved,unresolved,unresolved,No patch,,,,1,0,0,0,0,1,1,1,0,0,0,0,1,0,0,0,0,3672,7199,16166,0,120,211,467,0,0,0,0,0,1,1,1,0,0,0,0,success_empty_patch,success,success,success,9,21,7,39,9,22,7,41,1431322,777333,4069900,4273222,29246,3095,225219,225531,1460568,780428,4295119,4498753,45590,41212,98304,98305,857.847,478.526,6207.003,6702.254,1619,40908,49978,27907,0,39253,48314,26243,normal_no_edit,,,,
django__django-30254,django/django,django__django-11999,django__django-30254,f976ab1b117574db78d884c94e549a6b8e4c9f9b,True,0,1,1,0,no_patch,resolved,resolved,unresolved,No patch,,,,1,0,0,0,0,1,1,1,0,0,0,0,1,0,0,0,0,3294,1102,1959,0,71,4,52,0,0,3,0,0,2,1,1,0,0,0,0,success_empty_patch,success,success,success,47,30,29,10,52,32,30,10,1432907,972846,1012003,224122,160084,47481,8565,3514,1592991,1020327,1020568,227636,65538,65538,41574,26167,4216.103,1566.161,349.656,648.073,2292,20014,26575,18476,0,17686,24238,16139,normal_no_edit,,,,
django__django-30651,django/django,django__django-13220,django__django-30651,67e7dffe9543aff259f63c8f12d15642fe7be100,True,0,0,0,0,unresolved,unresolved,unresolved,unresolved,,,,,0,0,0,0,1,1,1,1,0,0,0,0,0,0,0,0,472,472,472,968,1,1,1,8,1,1,1,8,1,1,1,1,0,0,0,0,success,success,success,success,40,27,29,0,37,25,30,15,567310,543638,796760,286203,8708,3412,5032,2888,576018,547050,801792,289091,24058,27364,36558,24254,344.753,184.454,248.678,126.678,2263,26091,32011,20571,0,23792,29703,18263,,,,,
django__django-30931,django/django,django__django-12284,django__django-30931,84633905273fc916e3d17883810d9969c03f73c2,True,0,1,0,0,no_patch,resolved,unresolved,unresolved,No patch,,,,1,0,0,0,0,1,1,1,0,0,0,0,1,0,0,0,0,1739,1748,1752,0,19,19,19,0,2,2,2,0,2,2,2,0,0,0,0,success_empty_patch,success,success,success,27,20,21,39,26,19,21,38,429356,414988,593700,1079151,2822,4179,3457,5967,432178,419167,597157,1085118,26373,27973,37021,37912,405.574,174.858,182.285,343.76,1816,24521,31824,22075,0,22669,29963,20214,normal_no_edit,,,,
django__django-31051,django/django,django__django-12453,django__django-31051,590957a0eb9a87a6f2bd3463226b0a7f1405d817,True,0,0,0,0,unresolved,unresolved,unresolved,unresolved,,,,,0,0,0,0,1,1,1,1,0,0,0,0,0,0,0,0,5248,5201,3629,5924,76,69,30,81,2,2,9,9,3,3,2,3,0,0,0,0,success,success,success,success,47,54,58,49,53,56,56,50,1645544,2271261,2547069,2378820,11220,11103,17777,82508,1656764,2282364,2564846,2461328,49724,59355,61110,98304,693.663,742.4,1015.03,2591.059,5695,28231,35711,24297,0,22500,29971,18557,,,,,
django__django-31181,django/django,django__django-14855,django__django-31181,855fc06236630464055b4f9ea422c68a07c6d02a,True,0,0,0,1,patch_failed,patch_failed,unresolved,resolved,Patch failed,Patch failed,,,0,0,0,0,1,1,1,1,1,1,0,0,0,0,0,0,10756,11217,13473,16925,86,115,100,188,12,11,17,14,4,3,3,3,0,0,0,0,success,success,success,success,51,0,0,51,50,93,192,53,3183377,3786642,8375712,4610234,35423,29267,67003,104111,3218800,3815909,8442715,4714345,49266,62835,65869,98304,1764.106,1550.486,3393.226,3530.967,1825,38272,48391,21098,0,36411,46521,19228,,,,,
django__django-31864,django/django,django__django-13321,django__django-31864,6e9c5ee88fc948e05b4a7d9f82a8861ed2b0343d,True,0,0,0,0,no_patch,no_patch,no_patch,no_patch,No patch,No patch,No patch,No patch,1,1,1,1,0,0,0,0,0,0,0,0,1,1,1,1,0,0,0,0,0,0,0,0,0,0,0,0,0,0,0,0,0,0,0,0,success_empty_patch,success_empty_patch,success_empty_patch,success_empty_patch,16,13,3,18,17,14,2,18,297618,298612,30772,450848,2371,1675,364,1759,299989,300287,31136,452607,24894,25056,16747,32018,274.426,275.823,282.21,347.935,1714,18616,19399,15342,0,16866,17640,13583,normal_no_edit,normal_no_edit,normal_no_edit,normal_no_edit,
django__django-32260,django/django,django__django-14787,django__django-32260,4a80d0f22021bb0af842f038eba45958e9576bec,True,0,0,0,0,patch_failed,unresolved,unresolved,unresolved,Patch failed,,,,0,0,0,0,1,1,1,1,1,0,0,0,0,0,0,0,5121,1835,2004,1792,107,20,25,20,4,1,0,1,3,3,3,3,0,0,0,0,success,success,success,success,91,35,41,43,91,34,42,43,2835709,1061918,1095842,1283141,28400,7780,10004,8019,2864109,1069698,1105846,1291160,53509,44113,37278,41250,1428.352,394.722,433.731,413.733,2516,17258,22556,15213,0,14706,19995,12652,,,,,
django__django-32450,django/django,django__django-14017,django__django-32450,1710cdbe79c90665046034fe1700933d038d90ad,True,1,1,1,1,resolved,resolved,resolved,resolved,,,,,0,0,0,0,1,1,1,1,0,0,0,0,0,0,0,0,1707,1571,3614,1044,19,11,62,4,2,3,1,3,2,2,2,1,0,0,0,0,success,success,success,success,31,24,28,18,34,25,32,20,849083,789782,1313333,516875,5859,42841,67852,44711,854942,832623,1381185,561586,39658,65538,98304,65538,287.253,1149.569,1807.3,1159.459,1913,34648,42776,25013,0,32699,40818,23055,,,,,
django__django-33461,django/django,django__django-15388,django__django-33461,3a9b8b25d48c5768633e73edc5ddca20c3fd716c,True,1,1,1,0,resolved,resolved,resolved,unresolved,,,,,0,0,0,0,1,1,1,1,0,0,0,0,0,0,0,0,2514,3080,1954,1957,40,36,29,16,1,2,0,1,2,2,2,2,0,0,0,0,success,success,success,success,43,34,10,23,41,35,10,22,1356391,2172004,2378539,2726975,14046,11170,12339,15660,1370437,2183174,2390878,2742635,38671,56103,60377,65440,570.307,637.911,624.322,1088.054,7117,40118,48478,25654,0,32965,41316,18492,,,,,
django__django-33871,django/django,django__django-16229,django__django-33871,04b15022e8d1f49af69d8a1e6cd678f31f1280ff,True,0,0,0,1,no_patch,unresolved,no_patch,resolved,No patch,,No patch,,1,0,1,0,0,1,0,1,0,0,0,0,1,0,1,0,0,8086,0,8490,0,176,0,224,0,0,0,1,0,3,0,3,0,0,0,0,success_empty_patch,success,success_empty_patch,success,113,1,0,91,115,1,31,97,2936209,2607930,1409337,5780404,52183,86433,117643,231656,2988392,2694363,1526980,6012060,52927,98304,98304,98304,1892.927,2645.283,3098.576,6752.627,2066,71303,86900,25342,0,69201,84789,23231,normal_no_edit,,normal_no_edit,,
django__django-34176,django/django,django__django-12589,django__django-34176,016bead6a23989adec5c7ee6948db7ce2fc5e89b,True,0,0,0,0,no_patch,no_patch,no_patch,unresolved,No patch,No patch,No patch,,1,1,1,0,0,0,0,1,0,0,0,0,1,1,1,0,0,0,0,1195,0,0,0,44,0,0,0,0,0,0,0,1,0,0,0,0,success_empty_patch,success_empty_patch,success_empty_patch,success,20,17,15,8,25,17,15,8,427250,545732,569937,765817,2502,2168,1386,2466,429752,547900,571323,768283,22437,36943,41364,37593,1679.43,347.228,291.121,522.16,4007,55194,66611,24662,0,51151,62559,20610,normal_no_edit,normal_no_edit,normal_no_edit,,
django__django-34481,django/django,django__django-16816,django__django-34481,83c9765f45e4622e4a5af3adcd92263a28b13624,True,0,0,0,0,unresolved,unresolved,unresolved,unresolved,,,,,0,0,0,0,1,1,1,1,0,0,0,0,0,0,0,0,2104,2568,1890,2628,19,39,20,40,2,0,0,0,2,2,2,2,0,0,0,0,success,success,success,success,67,47,54,43,71,46,55,42,2061669,1680359,2395601,1576697,55137,12339,15452,13859,2116806,1692698,2411053,1590556,65538,45672,55271,55386,1768.786,531.084,686.293,559.148,9965,41707,48039,28380,0,31706,38029,18370,,,,,
django__django-34525,django/django,django__django-16820,django__django-34525,c61219a7ae051d2baab53f041e00592011fc550c,True,0,0,0,0,no_patch,unresolved,unresolved,unresolved,No patch,,,,1,0,0,0,0,1,1,1,0,0,0,0,1,0,0,0,0,11201,7097,619,0,240,216,1,0,0,0,1,0,2,1,1,0,0,0,0,success_empty_patch,success,success,success,33,40,37,44,33,36,35,42,1541882,1828192,1812049,1214827,14213,16386,6649,10215,1556095,1844578,1818698,1225042,48793,65656,65306,41595,586.815,1055.22,872.422,445.932,2036,51776,67045,21950,0,49704,64964,19869,normal_no_edit,,,,
django__django-34570,django/django,django__django-16910,django__django-34570,0ec60661e61b153e6bcec64649b1b7f524eb3e18,True,0,0,0,1,no_patch,no_patch,no_patch,resolved,No patch,No patch,No patch,,1,1,1,0,0,0,0,1,0,0,0,0,1,1,1,0,0,0,0,2680,0,0,0,26,0,0,0,1,0,0,0,3,0,0,0,0,success_empty_patch,success_empty_patch,success_empty_patch,success,21,22,18,49,17,22,19,50,284190,506132,506968,1678987,2050,2700,4842,12848,286240,508832,511810,1691835,22012,28510,33681,50829,265.342,317.245,351.429,712.809,6955,23416,30417,21021,0,16425,23417,14021,normal_no_edit,normal_no_edit,normal_no_edit,,
django__django-35356,django/django,django__django-16910,django__django-35356,53719d6b5b745dd99b1ab9315afb242f706ebbf1,True,0,0,0,0,no_patch,unresolved,unresolved,no_patch,No patch,,,No patch,1,0,0,1,0,1,1,0,0,0,0,0,1,0,0,1,0,2922,2480,0,0,36,87,0,0,1,0,0,0,3,1,0,0,0,0,0,success_empty_patch,success,success,success_empty_patch,26,73,21,14,25,72,21,14,590902,5079471,567505,263692,2522,99763,3166,1780,593424,5179234,570671,265472,30744,62226,34105,24593,401.551,3284.937,331.721,144.879,2882,19343,26344,16948,0,16425,23417,14021,normal_no_edit,,,normal_no_edit,
matplotlib__matplotlib-10050,matplotlib/matplotlib,matplotlib__matplotlib-23913,matplotlib__matplotlib-10050,c098519cea2d61d2206f6c4dacf81673afa255c1,True,1,1,1,1,resolved,resolved,resolved,resolved,,,,,0,0,0,0,1,1,1,1,0,0,0,0,0,0,0,0,3587,2750,8495,3942,67,59,206,66,0,0,2,3,2,1,2,1,0,0,0,0,success,success,success,success,61,39,46,75,61,41,45,75,1583294,1437774,1610738,2171851,12852,7570,10998,18570,1596146,1445344,1621736,2190421,39106,51239,47888,42754,618.582,419.63,566.528,1132.619,2073,22923,28525,16447,0,20814,26407,14329,,,,,
matplotlib__matplotlib-18294,matplotlib/matplotlib,matplotlib__matplotlib-24149,matplotlib__matplotlib-18294,e8101f17d8a7d2d7eccff7452162c02a27980800,True,0,0,0,0,unresolved,unresolved,unresolved,unresolved,,,,,0,0,0,0,1,1,1,1,0,0,0,0,0,0,0,0,1048,914,1516,4007,7,5,38,67,1,1,0,2,1,1,1,2,0,0,0,0,success,success,success,success,76,4,37,76,78,4,36,76,1987260,1432758,1165352,2150902,15647,10490,5528,12950,2002907,1443248,1170880,2163852,37687,35613,41272,35099,742.869,537.672,311.635,1068.1,9720,27499,30617,25726,0,17743,20852,15961,,,,,
matplotlib__matplotlib-22482,matplotlib/matplotlib,matplotlib__matplotlib-25332,matplotlib__matplotlib-22482,d347c3227f8de8a99aa327390fee619310452a96,True,1,0,0,0,resolved,patch_failed,patch_failed,patch_failed,,Patch failed,Patch failed,Patch failed,0,0,0,0,1,1,1,1,0,1,1,1,0,0,0,0,783,12372,103160,852,11,316,387,11,0,0,0,0,1,6,7,2,0,0,0,0,success,success,success,success,61,93,102,49,64,92,101,49,1920503,3928826,4084980,1918493,15119,29721,40572,20664,1935622,3958547,4125552,1939157,51378,56782,57895,65031,667.68,1393.016,1885.296,815.578,3311,28395,35971,23882,0,25048,32615,20526,,,,,
matplotlib__matplotlib-22686,matplotlib/matplotlib,matplotlib__matplotlib-22711,matplotlib__matplotlib-22686,e779b97174ff3ab2737fbdffb432ef8689201602,True,1,1,1,1,resolved,resolved,resolved,resolved,,,,,0,0,0,0,1,1,1,1,0,0,0,0,0,0,0,0,737,737,737,576,0,0,0,3,2,2,2,0,1,1,1,1,0,0,0,0,success,success,success,success,84,30,38,40,89,30,37,39,2048105,577026,932371,903306,21140,5319,8463,7688,2069245,582345,940834,910994,36924,26899,33470,34105,940.752,251.029,358.448,380.626,4692,16474,19038,14926,0,11746,14301,10189,,,,,
matplotlib__matplotlib-22706,matplotlib/matplotlib,matplotlib__matplotlib-22711,matplotlib__matplotlib-22706,f670fe78795b18eb1118707721852209cd77ad51,True,1,1,1,1,resolved,resolved,resolved,resolved,,,,,0,0,0,0,1,1,1,1,0,0,0,0,0,0,0,0,7254,6911,4785,4791,161,152,101,84,0,0,0,0,4,2,2,3,0,0,0,0,success,success,success,success,182,63,70,38,181,64,69,39,4433997,1651006,2170946,888916,143203,16953,82529,7925,4577200,1667959,2253475,896841,65538,33540,98304,34404,4458.2,820.418,2429.288,384.698,3385,15167,17731,13619,0,11746,14301,10189,,,,,
matplotlib__matplotlib-23098,matplotlib/matplotlib,matplotlib__matplotlib-22835,matplotlib__matplotlib-23098,c33557d120eefe3148ebfcf2e758ff2357966000,True,0,0,0,0,no_patch,unresolved,unresolved,no_patch,No patch,,,No patch,1,0,0,1,0,1,1,0,0,0,0,0,1,0,0,1,0,1182,6294,0,0,8,147,0,0,4,4,0,0,1,3,0,0,0,0,0,success_empty_patch,success,success,success_empty_patch,16,82,67,13,14,81,69,14,156512,2042709,2014910,244481,1621,15707,15474,1057,158133,2058416,2030384,245538,14912,30710,37943,22346,240.772,987.848,960.442,121.975,1575,18088,24151,15626,0,16477,22531,14006,normal_no_edit,,,normal_no_edit,
matplotlib__matplotlib-23172,matplotlib/matplotlib,matplotlib__matplotlib-23299,matplotlib__matplotlib-23172,3eadeacc06c9f2ddcdac6ae39819faa9fbee9e39,True,0,0,0,0,unresolved,unresolved,unresolved,unresolved,,,,,0,0,0,0,1,1,1,1,0,0,0,0,0,0,0,0,958,1677368,689,1833,21,156,18,47,0,0,0,0,1,4,1,1,0,0,0,0,success,success,success,success,4,106,11,34,4,119,12,35,1751668,4413596,363500,1033279,12583,309111,39746,53683,1764251,4722707,403246,1086962,37291,98304,65579,65538,898.001,8294.966,1377.769,1622.171,2299,32520,42638,24103,0,30185,40294,21759,,,,,
matplotlib__matplotlib-23687,matplotlib/matplotlib,matplotlib__matplotlib-24149,matplotlib__matplotlib-23687,de98877e3dc45de8dd441d008f23d88738dc015d,True,0,0,0,0,unresolved,unresolved,no_patch,unresolved,,,No patch,,0,0,1,0,1,1,0,1,0,0,0,0,0,0,1,0,5351,5250,0,9924,156,146,0,214,0,0,0,4,1,2,0,4,0,0,0,0,success,success,success_empty_patch,success,50,87,5,66,50,90,5,66,1969994,2416328,91143,1684692,17623,55430,609,19215,1987617,2471758,91752,1703907,31550,65538,19484,35642,895.967,1820.178,247.258,964.023,2700,20479,23597,18706,0,17743,20852,15961,,,normal_no_edit,,
matplotlib__matplotlib-24818,matplotlib/matplotlib,matplotlib__matplotlib-24149,matplotlib__matplotlib-24818,e8101f17d8a7d2d7eccff7452162c02a27980800,True,0,0,0,0,unresolved,unresolved,unresolved,unresolved,,,,,0,0,0,0,1,1,1,1,0,0,0,0,0,0,0,0,1670,2058,4292,590,17,18,60,4,1,6,2,1,2,1,3,1,0,0,0,0,success,success,success,success,45,72,45,77,47,67,40,81,1039600,1851469,3188914,1983961,10153,18899,74807,18357,1049753,1870368,3263721,2002318,32748,40299,65538,35953,539.868,1085.822,2624.541,895.691,2855,20634,23752,18861,0,17743,20852,15961,,,,,
matplotlib__matplotlib-25352,matplotlib/matplotlib,matplotlib__matplotlib-25332,matplotlib__matplotlib-25352,3742e7e8385e70072fb2521a411a25dd69d22dbf,True,0,1,0,0,no_patch,resolved,patch_failed,no_patch,No patch,,Patch failed,No patch,1,0,0,1,0,1,1,0,0,0,1,0,1,0,0,1,0,3728,8193,0,0,22,153,0,0,29,39,0,0,1,3,0,0,0,0,0,success_empty_patch,success,success,success_empty_patch,4,21,76,4,4,23,74,4,46032,1445757,5512420,78377,358,78043,74991,304,46390,1523800,5587411,78681,14977,93572,63007,23228,390.169,2040.953,3015.582,279.387,2374,27458,35034,22945,0,25048,32615,20526,normal_no_edit,,,normal_no_edit,
matplotlib__matplotlib-26331,matplotlib/matplotlib,matplotlib__matplotlib-26020,matplotlib__matplotlib-26331,c0d9c983398cb07ab7a2055563f95b364abfa87c,True,0,1,0,0,no_patch,resolved,unresolved,no_patch,No patch,,,No patch,1,0,0,1,0,1,1,0,0,0,0,0,1,0,0,1,0,1795,1967,0,0,17,45,0,0,2,0,0,0,2,1,0,0,0,0,0,success_empty_patch,success,success,success_empty_patch,27,38,21,10,27,38,23,10,386188,1537272,764294,175013,2291,8632,4300,1326,388479,1545904,768594,176339,21344,54243,42285,20275,612.923,477.608,405.553,235.47,2332,45919,36439,21588,0,43551,34062,19211,normal_no_edit,,,normal_no_edit,
matplotlib__matplotlib-27361,matplotlib/matplotlib,matplotlib__matplotlib-23562,matplotlib__matplotlib-27361,5b5154ded5ee9c546e640b01f1a75ac041fd2fed,True,0,0,1,1,unresolved,no_patch,resolved,resolved,,No patch,,,0,1,0,0,1,0,1,1,0,0,0,0,0,1,0,0,6939,0,1552,17342,175,0,14,249,0,0,0,0,5,0,3,8,0,0,0,0,success,success_empty_patch,success,success,112,0,0,64,112,4,76,67,2459429,88419,3166421,1764713,37468,42173,19783,68340,2496897,130592,3186204,1833053,33576,65538,53588,65538,1883.814,1304.805,1240.743,2157.825,6521,36060,50074,18106,0,29503,43508,11540,,normal_no_edit,,,
mwaskom__seaborn-3091,mwaskom/seaborn,mwaskom__seaborn-3010,mwaskom__seaborn-3091,0f5a013e2cf43562deec3b879458e59a73853813,True,0,1,1,1,no_patch,resolved,resolved,resolved,No patch,,,,1,0,0,0,0,1,1,1,0,0,0,0,1,0,0,0,0,1739,2253,1733,0,29,45,32,0,0,0,0,0,2,2,2,0,0,0,0,success_empty_patch,success,success,success,110,12,57,36,131,13,59,33,5649366,261028,2221860,1389060,364590,2632,17804,9519,6013956,263660,2239664,1398579,98304,23873,57035,61486,10013.456,506.112,809.286,433.956,2864,24223,28378,21135,0,21323,25469,18226,normal_no_edit,,,,
mwaskom__seaborn-3203,mwaskom/seaborn,mwaskom__seaborn-3190,mwaskom__seaborn-3203,87e097275ce468db8f18c80ef8970310cfef1fe8,True,0,0,0,0,unresolved,unresolved,patch_failed,unresolved,,,Patch failed,,0,0,0,0,1,1,1,1,0,0,1,0,0,0,0,0,5513,4703,8365,5595,59,66,76,53,8,4,12,10,3,5,6,5,0,0,0,0,success,success,success,success,25,23,28,23,20,23,28,21,1646557,1786110,2530863,2212068,11525,10351,13899,16317,1658082,1796461,2544762,2228385,43843,45308,47737,47787,565.879,763.752,1055.437,1179.558,4412,22941,29761,19118,0,18493,25304,14661,,,,,
pallets__flask-4039,pallets/flask,pallets__flask-4045,pallets__flask-4039,d8c37f43724cd9fb0870f77877b7c4c7e38a19e0,True,0,0,0,0,unresolved,unresolved,unresolved,unresolved,,,,,0,0,0,0,1,1,1,1,0,0,0,0,0,0,0,0,9259,7939,673,1651,301,217,4,28,1,1,1,1,5,4,1,2,0,0,0,0,success,success,success,success,106,49,67,64,107,48,73,63,3056534,1452393,2380842,1801990,250683,14239,114490,14324,3307217,1466632,2495332,1816314,98304,44009,98304,44803,6560.801,864.787,3174.67,763.578,4024,12759,16431,10564,0,8699,12362,6495,,,,,
psf__requests-2344,psf/requests,psf__requests-2674,psf__requests-2344,d7c0249aa8d46d1383cb31d38196c7715c213611,True,0,0,0,0,no_patch,unresolved,unresolved,unresolved,No patch,,,,1,0,0,0,0,1,1,1,0,0,0,0,1,0,0,0,0,11460,1125,1188,0,273,4,4,0,1,1,1,0,3,1,1,0,0,0,0,success_empty_patch,success,success,success,39,71,37,38,37,74,30,36,1059616,2092617,1133487,1376887,3765,15711,7133,5671,1063381,2108328,1140620,1382558,41375,42801,48515,49734,314.155,1022.45,568.237,417.024,1574,17688,21870,14106,0,16078,20251,12487,normal_no_edit,,,,
psf__requests-3359,psf/requests,psf__requests-3362,psf__requests-3359,b2f6173a3833153f57d9e3baa6728c5cc46c0b29,True,0,0,0,0,unresolved,unresolved,unresolved,unresolved,,,,,0,0,0,0,1,1,1,1,0,0,0,0,0,0,0,0,764,1406,663,2026,8,12,3,50,4,4,4,0,1,2,1,1,0,0,0,0,success,success,success,success,22,34,21,18,19,32,22,16,344192,962458,801073,414461,4184,5381,4506,2602,348376,967839,805579,417063,23392,38394,47422,28154,168.636,281.654,230.661,595.033,1808,22672,30455,16641,0,20828,28602,14788,,,,,
psf__requests-3481,psf/requests,psf__requests-3362,psf__requests-3481,b2f6173a3833153f57d9e3baa6728c5cc46c0b29,True,0,0,0,0,no_patch,unresolved,unresolved,unresolved,No patch,,,,1,0,0,0,0,1,1,1,0,0,0,0,1,0,0,0,0,998,707,1773,0,14,7,41,0,2,4,0,0,1,1,1,0,0,0,0,success_empty_patch,success,success,success,42,35,35,23,45,36,26,24,1209407,1153454,1166686,673016,10728,90792,10678,46558,1220135,1244246,1177364,719574,41470,65538,55569,65538,607.708,2319.045,413.559,1388.897,3093,23957,31740,17926,0,20828,28602,14788,normal_no_edit,,,,
pydata__xarray-4529,pydata/xarray,pydata__xarray-4493,pydata__xarray-4529,a5f53e203c52a7605d5db799864046471115d04f,True,0,0,0,0,unresolved,unresolved,unresolved,unresolved,,,,,0,0,0,0,1,1,1,1,0,0,0,0,0,0,0,0,8083,1099,4694,2335,184,9,117,46,1,1,0,0,3,1,2,2,0,0,0,0,success,success,success,success,151,53,73,27,159,55,73,27,3394443,1747079,2848816,561296,35849,12425,23021,4634,3430292,1759504,2871837,565930,29762,44805,51369,28007,1928.269,796.851,1053.8,751.202,1974,34282,44535,21227,0,32272,42516,19208,,,,,
pydata__xarray-508,pydata/xarray,pydata__xarray-3364,pydata__xarray-508,b21f62ee37eea3650a58e9ffa3a7c9f4ae83006b,True,0,0,0,0,unresolved,unresolved,unresolved,unresolved,,,,,0,0,0,0,1,1,1,1,0,0,0,0,0,0,0,0,11510,9159,10213,9583,144,152,167,158,7,6,4,6,2,1,2,2,0,0,0,0,success,success,success,success,83,0,0,0,84,131,41,39,3667493,6795153,2063413,1576821,78989,231584,217026,15053,3746482,7026737,2280439,1591874,65538,98304,98306,65630,2694.782,7336.056,7393.919,1988.922,1919,31260,40271,21947,0,29305,38307,19983,,,,,
pylint-dev__pylint-6471,pylint-dev/pylint,pylint-dev__pylint-7080,pylint-dev__pylint-6471,273a8b25620467c1e5686aa8d2a1dbb8c02c78d0,True,0,1,1,0,no_patch,resolved,resolved,unresolved,No patch,,,,1,0,0,0,0,1,1,1,0,0,0,0,1,0,0,0,0,3925,2761,333,0,46,35,2,0,5,3,0,0,1,1,2,0,0,0,0,success_empty_patch,success,success,success,19,49,9,26,16,48,9,26,5954646,4190476,1619955,652880,198334,33799,12126,3001,6152980,4224275,1632081,655881,65540,46544,45070,32170,6323.154,1840.563,551.393,546.834,3572,42759,25094,15757,0,39151,21477,12140,normal_no_edit,,,,
pytest-dev__pytest-10341,pytest-dev/pytest,pytest-dev__pytest-11148,pytest-dev__pytest-10341,2f7415cfbc4b6ca62f9013f1abd27136f46b9653,True,0,0,0,0,no_patch,patch_failed,patch_failed,patch_failed,No patch,Patch failed,Patch failed,Patch failed,1,0,0,0,0,1,1,1,0,1,1,1,1,0,0,0,0,4438,1871,2325,0,52,14,18,0,12,3,3,0,4,2,2,0,0,0,0,success_empty_patch,success,success,success,47,55,11,28,55,54,10,27,1458577,1883673,1843136,1380450,110037,13590,13176,10205,1568614,1897263,1856312,1390655,90213,48514,50552,49750,2808.318,2113.972,1016.321,448.244,2776,28552,34726,24306,0,25740,31905,21485,normal_no_edit,,,,
pytest-dev__pytest-9358,pytest-dev/pytest,pytest-dev__pytest-8365,pytest-dev__pytest-9358,4964b468c83c06971eb743fbc57cc404f760c573,True,0,0,0,0,no_patch,unresolved,unresolved,unresolved,No patch,,,,1,0,0,0,0,1,1,1,0,0,0,0,1,0,0,0,0,2446,2972,1310,0,38,46,16,0,3,3,1,0,2,2,2,0,0,0,0,success_empty_patch,success,success,success,14,24,28,33,13,26,28,30,269082,747406,965116,924328,1759,5334,5428,6894,270841,752740,970544,931222,25371,38581,44719,41940,284.213,258.527,277.794,507.596,6637,21367,27994,18505,0,14694,21312,11823,normal_no_edit,,,,
scikit-learn__scikit-learn-12622,scikit-learn/scikit-learn,scikit-learn__scikit-learn-10949,scikit-learn__scikit-learn-12622,ac327c5ad66fa3d4eb607d007e3684dec872d49a,True,1,1,1,1,resolved,resolved,resolved,resolved,,,,,0,0,0,0,1,1,1,1,0,0,0,0,0,0,0,0,708,1435,720,111680,4,13,1,1165,0,0,1,1,1,2,1,2,0,0,0,0,success,success,success,success,31,43,24,45,31,42,23,46,739620,1691476,647953,1610494,4460,9724,5940,11514,744080,1701200,653893,1622008,32249,56295,35981,50032,427.274,914.449,423.556,676.675,5753,28382,36978,23150,0,22593,31180,17352,,,,,
scikit-learn__scikit-learn-13771,scikit-learn/scikit-learn,scikit-learn__scikit-learn-13779,scikit-learn__scikit-learn-13771,8d3b4ff3eec890396a3d7a806bbe944f55a89cb4,True,0,0,0,0,patch_failed,unresolved,patch_failed,unresolved,Patch failed,,Patch failed,,0,0,0,0,1,1,1,1,1,0,1,0,0,0,0,0,9644,12579,7598,5907,122,233,69,23,14,9,10,10,2,3,2,2,0,0,0,0,success,success,success,success,100,48,35,75,101,48,36,79,3056869,1904437,1450777,2737233,29984,11674,6542,17219,3086853,1916111,1457319,2754452,45448,62559,52670,47931,3290.996,1074.624,593.794,1242.131,1650,18468,22866,14706,0,16782,21171,13011,,,,,
scikit-learn__scikit-learn-15093,scikit-learn/scikit-learn,scikit-learn__scikit-learn-10949,scikit-learn__scikit-learn-15093,871b25162339c60557e5bf1754ea553ec33adf52,True,0,0,1,0,unresolved,unresolved,resolved,unresolved,,,,,0,0,0,0,1,1,1,1,0,0,0,0,0,0,0,0,783,1071,762,12238,4,10,5,275,0,0,0,0,1,1,1,6,0,0,0,0,success,success,success,success,54,38,37,60,55,39,37,60,1215419,1412206,1376591,1934731,12463,20819,15413,15018,1227882,1433025,1392004,1949749,32357,67235,65965,46799,804.883,1311.353,876.952,908.573,3362,25991,34587,20759,0,22593,31180,17352,,,,,
scikit-learn__scikit-learn-25365,scikit-learn/scikit-learn,scikit-learn__scikit-learn-25500,scikit-learn__scikit-learn-25365,f45a9071e1ff2bdc044c040959b5387c3d9559c8,True,1,1,0,1,resolved,resolved,no_patch,resolved,,,No patch,,0,0,1,0,1,1,0,1,0,0,0,0,0,0,1,0,832,2035,0,690,3,16,0,1,0,0,0,0,1,2,0,1,0,0,0,0,success,success,success_empty_patch,success,31,30,13,30,31,30,13,31,735676,786363,310320,845288,5333,4840,1418,3751,741009,791203,311738,849039,32922,33658,27597,33927,1023.985,1055.85,599.554,1314.536,7470,28835,31353,24605,0,21329,23838,17090,,,normal_no_edit,,
scikit-learn__scikit-learn-25578,scikit-learn/scikit-learn,scikit-learn__scikit-learn-25638,scikit-learn__scikit-learn-25578,6adb209acd63825affc884abcd85381f148fb1b0,True,0,0,0,0,unresolved,unresolved,no_patch,unresolved,,,No patch,,0,0,1,0,1,1,0,1,0,0,0,0,0,0,1,0,2535,4371,0,7495,38,78,0,148,0,1,0,1,2,3,0,2,0,0,0,0,success,success,success_empty_patch,success,61,0,0,0,64,37,17,29,1684934,1345401,606736,932875,15486,10905,2136,5623,1700420,1356306,608872,938498,37907,58615,44516,43221,1152.253,707.279,716.859,969.522,3638,27525,35152,22685,0,23851,31469,19002,,,normal_no_edit,,
scikit-learn__scikit-learn-25634,scikit-learn/scikit-learn,scikit-learn__scikit-learn-25638,scikit-learn__scikit-learn-25634,6adb209acd63825affc884abcd85381f148fb1b0,True,0,0,0,0,unresolved,unresolved,unresolved,unresolved,,,,,0,0,0,0,1,1,1,1,0,0,0,0,0,0,0,0,2176,7464,3804,2660,29,126,70,43,0,3,1,1,2,2,2,2,0,0,0,0,success,success,success,success,29,0,0,0,28,67,33,22,787335,3339195,1526196,686247,7481,103285,11228,5829,794816,3442480,1537424,692076,41003,98304,61787,45419,541.119,3891.582,703.174,502.599,2867,26754,34381,21914,0,23851,31469,19002,,,,,
scikit-learn__scikit-learn-25635,scikit-learn/scikit-learn,scikit-learn__scikit-learn-25638,scikit-learn__scikit-learn-25635,6adb209acd63825affc884abcd85381f148fb1b0,True,0,0,0,0,unresolved,unresolved,unresolved,unresolved,,,,,0,0,0,0,1,1,1,1,0,0,0,0,0,0,0,0,3028,3482,5419,1210,53,64,127,14,0,0,0,1,2,2,3,1,0,0,0,0,success,success,success,success,5,0,0,0,5,45,31,34,1202443,1657195,959069,936820,12695,8403,7403,6596,1215138,1665598,966472,943416,41369,52567,42068,41334,765.961,908.048,992.223,554.384,2914,26801,34428,21961,0,23851,31469,19002,,,,,
scikit-learn__scikit-learn-25637,scikit-learn/scikit-learn,scikit-learn__scikit-learn-25638,scikit-learn__scikit-learn-25637,e3d1f9ac39e4bf0f31430e779acc50fb05fe1b64,True,0,0,0,0,unresolved,unresolved,unresolved,unresolved,,,,,0,0,0,0,1,1,1,1,0,0,0,0,0,0,0,0,2005,1013,1170,831,25,14,20,2,1,0,0,1,2,1,1,1,0,0,0,0,success,success,success,success,56,0,0,0,57,43,46,49,1605273,1636575,1927692,1433427,12770,9370,12468,9522,1618043,1645945,1940160,1442949,38083,56995,60227,39679,814.293,746.747,1012.246,658.538,2728,26615,34242,21775,0,23851,31469,19002,,,,,
scikit-learn__scikit-learn-25763,scikit-learn/scikit-learn,scikit-learn__scikit-learn-25500,scikit-learn__scikit-learn-25763,4db04923a754b6a2defa1b172f55d492b85d165e,True,0,0,1,1,unresolved,unresolved,resolved,resolved,,,,,0,0,0,0,1,1,1,1,0,0,0,0,0,0,0,0,1782,792,1580,3062,25,6,11,46,1,1,2,2,2,1,2,3,0,0,0,0,success,success,success,success,37,31,40,116,42,31,42,123,1124207,1020927,1603656,3872676,53668,6377,16457,168272,1177875,1027304,1620113,4040948,65538,44826,53678,98304,1709.93,545.323,872.406,5018.623,2001,23366,25884,19136,0,21329,23838,17090,,,,,
scikit-learn__scikit-learn-5970,scikit-learn/scikit-learn,scikit-learn__scikit-learn-13241,scikit-learn__scikit-learn-5970,f8b108d0c6f2f82b2dc4e32a6793f9d9ac9cf2f4,True,0,0,0,0,unresolved,unresolved,unresolved,no_patch,,,,No patch,0,0,0,1,1,1,1,0,0,0,0,0,0,0,0,1,1089,2264,996,0,7,19,8,0,2,2,2,0,1,2,1,0,0,0,0,0,success,success,success,success_empty_patch,17,24,32,3,20,24,33,3,440924,785727,1669434,47654,7843,9311,77923,244,448767,795038,1747357,47898,33968,44976,98304,19524,461.73,534.71,2665.792,380.802,3945,17458,21412,15434,0,13477,17422,11444,,,,normal_no_edit,
sphinx-doc__sphinx-8127,sphinx-doc/sphinx,sphinx-doc__sphinx-8282,sphinx-doc__sphinx-8127,8954770f677994cfb13d93ea6d08b13db5382e31,True,0,0,0,0,no_patch,no_patch,no_patch,no_patch,No patch,No patch,No patch,No patch,1,1,1,1,0,0,0,0,0,0,0,0,1,1,1,1,0,0,0,0,0,0,0,0,0,0,0,0,0,0,0,0,0,0,0,0,success_empty_patch,success_empty_patch,success_empty_patch,success_empty_patch,95,20,17,6,103,20,17,6,4324799,2054623,5055405,1962596,235723,15178,270905,68948,4560522,2069801,5326310,2031544,98304,48160,98305,98304,6473.164,2160.373,7705.366,2015.159,17178,41529,48078,32766,0,24315,30855,15543,normal_no_edit,normal_no_edit,normal_no_edit,normal_no_edit,
sphinx-doc__sphinx-8588,sphinx-doc/sphinx,sphinx-doc__sphinx-8627,sphinx-doc__sphinx-8588,b237e78f9c233170f271c326bf46b7fb3b103858,True,0,0,0,0,unresolved,no_patch,unresolved,unresolved,,No patch,,,0,1,0,0,1,0,1,1,0,0,0,0,0,1,0,0,2063,0,2408,2256,30,0,36,34,0,0,0,1,2,0,2,1,0,0,0,0,success,success_empty_patch,success,success,12,19,11,9,12,19,12,9,1231424,1345074,2864781,2293415,11883,6767,62632,15486,1243307,1351841,2927413,2308901,39370,51503,98304,49424,668.77,901.429,2103.146,754.657,1973,53282,66368,20005,0,51273,64350,17987,,normal_no_edit,,,
sympy__sympy-11275,sympy/sympy,sympy__sympy-11897,sympy__sympy-11275,af061ed76ec6b64944efc8d51eddfeff60daaa43,True,0,0,0,0,unresolved,unresolved,unresolved,unresolved,,,,,0,0,0,0,1,1,1,1,0,0,0,0,0,0,0,0,5113,89405,4453,88917,52,2330,41,2284,34,3,16,23,1,3,1,3,0,0,0,0,success,success,success,success,119,16,47,0,122,16,50,317,4782187,5668745,2812121,13303268,229485,231943,28008,381981,5011672,5900688,2840129,13685249,98304,98304,66290,98305,6597.992,7569.615,1295.215,12082.571,1909,57132,68326,24218,0,55187,66372,22264,,,,,
sympy__sympy-11286,sympy/sympy,sympy__sympy-11400,sympy__sympy-11286,560b22fd4346d5882af3cff32c259a3af8fab109,True,0,1,0,1,no_patch,resolved,patch_failed,resolved,No patch,,Patch failed,,1,0,0,0,0,1,1,1,0,0,1,0,1,0,0,0,0,1585,2022,2068,0,10,16,17,0,0,1,0,0,2,2,2,0,0,0,0,success_empty_patch,success,success,success,8,22,34,0,5,17,34,43,189510,606713,1361840,1318174,1615,4526,5713,9863,191125,611239,1367553,1328037,19715,39900,50363,45157,252.506,206.107,328.173,641.265,1604,24768,32248,13573,0,23128,30599,11924,normal_no_edit,,,,
sympy__sympy-12426,sympy/sympy,sympy__sympy-12419,sympy__sympy-12426,2340de24255dce927b66840f6271431269ba5b93,True,0,1,0,0,unresolved,resolved,unresolved,unresolved,,,,,0,0,0,0,1,1,1,1,0,0,0,0,0,0,0,0,1629,1354,787,758,15,17,7,7,1,2,1,1,2,1,1,1,0,0,0,0,success,success,success,success,37,24,20,21,40,24,20,23,731969,772095,792076,488217,7506,6787,6863,49470,739475,778882,798939,537687,30774,41695,45386,65538,333.531,286.099,287.725,1261.479,1444,52403,63754,25910,0,50923,62265,24421,,,,,
sympy__sympy-12427,sympy/sympy,sympy__sympy-12419,sympy__sympy-12427,d3fcdb72bfcbb560eb45264ac1c03f359436edef,True,0,0,0,0,unresolved,unresolved,unresolved,unresolved,,,,,0,0,0,0,1,1,1,1,0,0,0,0,0,0,0,0,1113,1150,1147,1065,3,4,4,3,2,2,2,2,1,1,1,1,0,0,0,0,success,success,success,success,27,28,29,29,27,27,28,28,358773,868365,1078156,664303,4869,5559,5428,5646,363642,873924,1083584,669949,20846,39542,46216,30221,208.389,264.207,274.083,246.51,2987,53946,65297,27453,0,50923,62265,24421,,,,,
sympy__sympy-12950,sympy/sympy,sympy__sympy-13031,sympy__sympy-12950,ace8dce76faf9587f782e7ad873fe8b25545e8d2,True,0,0,0,0,unresolved,unresolved,unresolved,unresolved,,,,,0,0,0,0,1,1,1,1,0,0,0,0,0,0,0,0,756,715,1141,730,1,1,4,1,1,1,1,1,1,1,1,1,0,0,0,0,success,success,success,success,18,0,0,22,16,13,19,22,267933,318472,602702,517075,4967,4200,4590,6150,272900,322672,607292,523225,21174,31574,39069,31483,188.923,165.953,212.406,239.094,2178,27537,35388,19373,0,25323,33165,17150,,,,,
sympy__sympy-13039,sympy/sympy,sympy__sympy-14308,sympy__sympy-13039,fb536869fb7aa28b2695ad7a3b70949926b291c4,True,0,0,0,0,unresolved,unresolved,unresolved,unresolved,,,,,0,0,0,0,1,1,1,1,0,0,0,0,0,0,0,0,3690,1229,1352,721,34,8,12,1,6,3,3,1,1,1,1,1,0,0,0,0,success,success,success,success,38,10,6,30,38,10,7,30,5428832,405181,1394599,1186746,486176,4730,49306,13879,5915008,409911,1443905,1200625,98304,32780,65540,50521,12724.139,190.817,1538.045,506.589,1569,38169,48377,22389,0,36564,46763,20775,,,,,
sympy__sympy-15059,sympy/sympy,sympy__sympy-15609,sympy__sympy-15059,e53e809176de9aa0fb62e85689f8cdb669d4cacb,True,0,0,0,0,no_patch,unresolved,unresolved,unresolved,No patch,,,,1,0,0,0,0,1,1,1,0,0,0,0,1,0,0,0,0,1639,3511,2290,0,33,60,49,0,0,3,0,0,2,2,2,0,0,0,0,success_empty_patch,success,success,success,57,0,0,0,60,99,103,204,1033348,2831120,3699131,5250884,88892,18593,45918,213310,1122240,2849713,3745049,5464194,65538,39030,49679,65539,2738.237,1304.379,1837.389,6327.582,1487,24169,30374,16182,0,22646,28842,14650,normal_no_edit,,,,
sympy__sympy-16342,sympy/sympy,sympy__sympy-16988,sympy__sympy-16342,215b9ee31f3aa5eb31826c904674cb2ff37617ff,True,0,0,0,0,no_patch,patch_failed,patch_failed,unresolved,No patch,Patch failed,Patch failed,,1,0,0,0,0,1,1,1,0,1,1,0,1,0,0,0,0,4948,1985,5907,0,42,10,64,0,19,3,11,0,2,2,3,0,0,0,124,success_empty_patch,success,success,openhands_failed,11,86,46,62,12,92,54,73,199281,4157169,2023294,0,47696,233017,506798,0,246977,4390186,2530092,0,65538,98304,98304,0,2087.57,6964.523,13445.129,14410.004,2227,101420,124094,27593,0,99157,121822,25321,normal_no_edit,,,,
sympy__sympy-16689,sympy/sympy,sympy__sympy-16792,sympy__sympy-16689,09786a173e7a0a488f46dd6000177c23e5d24eed,True,1,1,0,1,resolved,resolved,unresolved,resolved,,,,,0,0,0,0,1,1,1,1,0,0,0,0,0,0,0,0,2275,1023,1802,3436,30,8,43,28,1,1,0,4,2,1,1,1,0,0,0,0,success,success,success,success,34,17,10,58,35,17,11,59,872869,513112,331813,2436345,7399,4922,1755,18990,880268,518034,333568,2455335,38403,39017,35016,63080,328.789,211.504,491.332,1122.493,2130,29778,36970,22029,0,27612,34795,19854,,,,,
sympy__sympy-16946,sympy/sympy,sympy__sympy-16988,sympy__sympy-16946,99c6670e65207e879342cb5b1dd11cbffd5cb5ab,True,0,0,0,0,unresolved,unresolved,unresolved,no_patch,,,,No patch,0,0,0,1,1,1,1,0,0,0,0,0,0,0,0,1,7371,906,2201,0,146,8,40,0,2,0,2,0,2,1,1,0,0,0,0,0,success,success,success,success_empty_patch,71,41,53,23,69,43,55,21,1601746,2347751,1916471,476164,20135,63770,13277,4314,1621881,2411521,1929748,480478,37386,98304,64624,29676,800.724,1904.255,858.011,468.436,1900,101093,123767,27266,0,99157,121822,25321,,,,normal_no_edit,
sympy__sympy-16953,sympy/sympy,sympy__sympy-16988,sympy__sympy-16953,215b9ee31f3aa5eb31826c904674cb2ff37617ff,True,0,0,0,0,unresolved,no_patch,no_patch,no_patch,,No patch,No patch,No patch,0,1,1,1,1,0,0,0,0,0,0,0,0,1,1,1,984,0,0,0,9,0,0,0,1,0,0,0,1,0,0,0,0,0,0,0,success,success_empty_patch,success_empty_patch,success_empty_patch,78,13,52,25,82,14,59,29,2352644,623919,2215355,861024,281447,2981,336565,124274,2634091,626900,2551920,985298,98304,48276,98304,98304,7186.99,356.309,8655.514,3118.808,1685,100878,123552,27051,0,99157,121822,25321,,normal_no_edit,normal_no_edit,normal_no_edit,
sympy__sympy-17377,sympy/sympy,sympy__sympy-18199,sympy__sympy-17377,ba80d1e493f21431b4bf729b3e0452cd47eb9566,True,0,0,0,0,no_patch,no_patch,patch_failed,no_patch,No patch,No patch,Patch failed,No patch,1,1,0,1,0,0,1,0,0,0,1,0,1,1,0,1,0,0,11122,0,0,0,246,0,0,0,33,0,0,0,2,0,0,0,0,0,success_empty_patch,success_empty_patch,success,success_empty_patch,18,18,45,0,20,19,47,38,641554,545889,2204671,915881,135661,6089,40364,259397,777215,551978,2245035,1175278,98304,33736,63808,65538,3599.47,383.661,1388.732,6586.384,3163,38748,46340,21543,0,35549,43132,18335,normal_no_edit,normal_no_edit,,normal_no_edit,
sympy__sympy-18212,sympy/sympy,sympy__sympy-18199,sympy__sympy-18212,ba80d1e493f21431b4bf729b3e0452cd47eb9566,True,0,0,0,0,unresolved,unresolved,unresolved,unresolved,,,,,0,0,0,0,1,1,1,1,0,0,0,0,0,0,0,0,576,622,1509,640,5,6,15,6,0,0,0,0,1,1,2,1,0,0,0,0,success,success,success,success,32,17,16,0,33,17,16,24,807922,484541,651068,887450,7990,5481,7054,8559,815912,490022,658122,896009,37770,36385,49635,50447,375.797,218.521,272.849,337.002,1577,37162,44754,19957,0,35549,43132,18335,,,,,
sympy__sympy-18715,sympy/sympy,sympy__sympy-23117,sympy__sympy-18715,c5cef2499d6eed024b0db5c792d6ec7c53baa470,True,0,0,0,0,unresolved,unresolved,unresolved,unresolved,,,,,0,0,0,0,1,1,1,1,0,0,0,0,0,0,0,0,1254,1128,660,1044,2,4,2,5,0,0,0,0,2,1,1,1,0,0,0,0,success,success,success,success,47,23,16,24,49,22,16,24,1459562,704789,428823,619130,10052,6396,4649,6417,1469614,711185,433472,625547,47262,43386,35019,38680,877.856,268.663,195.002,262.291,1788,18539,23050,14479,0,16715,21217,12646,,,,,
sympy__sympy-19006,sympy/sympy,sympy__sympy-18057,sympy__sympy-19006,0389684f2e8aac00a8353f49c41bb8b1912f0951,True,0,0,0,0,patch_failed,unresolved,verifier_setup_failed,unresolved,Patch failed,,Verifier setup failed: collected 0 tests after patch for sympy__sympy-19006; expected 52 requested tests,,0,0,0,0,1,1,1,1,1,0,0,0,0,0,0,0,2606,1118,1062,2739,36,11,9,42,1,0,0,0,2,1,1,2,0,0,0,0,success,success,success,success,52,0,0,48,54,65,11,51,1639872,2450238,408250,2004212,73300,18976,5888,11621,1713172,2469214,414138,2015833,98304,56082,44440,57676,2213.206,988.217,482.197,878.945,2891,30425,37404,24421,0,27498,34468,21485,,,,,
sympy__sympy-19235,sympy/sympy,sympy__sympy-14774,sympy__sympy-19235,226b942f0748819d5d2d723b91591fed4975961c,True,1,0,1,0,resolved,patch_failed,resolved,unresolved,,Patch failed,,,0,0,0,0,1,1,1,1,0,1,0,0,0,0,0,0,689,4036,671,2695,2,28,2,31,1,14,1,1,1,2,1,2,0,0,0,0,success,success,success,success,26,30,17,10,27,30,18,10,349056,669697,451876,451468,3855,8139,43732,4604,352911,677836,495608,456072,19250,32989,65538,26727,182.627,323.518,1468.132,197.969,2523,12225,15675,10781,0,9666,13107,8213,,,,,
sympy__sympy-19484,sympy/sympy,sympy__sympy-19487,sympy__sympy-19484,4fa55af041c632f522e622de4b175f03927a7f95,True,0,0,1,0,no_patch,unresolved,resolved,unresolved,No patch,,,,1,0,0,0,0,1,1,1,0,0,0,0,1,0,0,0,0,2963,2374,3047,0,33,38,41,0,0,0,0,0,2,2,2,0,0,0,0,success_empty_patch,success,success,success,33,52,54,68,33,57,55,71,989740,2205752,2475556,2576063,11505,155862,84996,22713,1001245,2361614,2560552,2598776,41340,98305,98304,54229,418.98,4826.717,2462.207,1138.442,1546,29724,36117,15474,0,28142,34526,13883,normal_no_edit,,,,
sympy__sympy-19558,sympy/sympy,sympy__sympy-19487,sympy__sympy-19558,25fbcce5b1a4c7e3956e6062930f4a44ce95a632,True,0,0,0,0,no_patch,no_patch,no_patch,no_patch,No patch,No patch,No patch,No patch,1,1,1,1,0,0,0,0,0,0,0,0,1,1,1,1,0,0,0,0,0,0,0,0,0,0,0,0,0,0,0,0,0,0,0,0,success_empty_patch,success_empty_patch,success_empty_patch,success_empty_patch,52,47,56,22,55,51,48,23,1245900,1471259,1783219,406447,46934,42791,68653,4494,1292834,1514050,1851872,410941,65538,59297,98304,24448,1388.662,1260.072,2128.701,192.12,1498,29676,36069,15426,0,28142,34526,13883,normal_no_edit,normal_no_edit,normal_no_edit,normal_no_edit,
sympy__sympy-21203,sympy/sympy,sympy__sympy-21055,sympy__sympy-21203,7ba571cd2151d4975036f61d7745a260933fbbe3,True,0,0,0,0,no_patch,unresolved,no_patch,no_patch,No patch,,No patch,No patch,1,0,1,1,0,1,0,0,0,0,0,0,1,0,1,1,0,2435,0,0,0,17,0,0,0,5,0,0,0,3,0,0,0,0,0,0,success_empty_patch,success,success_empty_patch,success_empty_patch,19,49,30,40,18,51,31,40,396549,1776555,1237387,1464849,1908,8837,3378,3798,398457,1785392,1240765,1468647,28251,54303,51035,57323,278.174,701.096,404.537,407.192,2853,22502,27336,15942,0,19613,24438,13044,normal_no_edit,,normal_no_edit,normal_no_edit,
sympy__sympy-21309,sympy/sympy,sympy__sympy-21055,sympy__sympy-21309,70cd4ffd093ac224fc0226c1be58f9163e2c800a,True,0,0,0,0,no_patch,unresolved,unresolved,unresolved,No patch,,,,1,0,0,0,0,1,1,1,0,0,0,0,1,0,0,0,0,4894,3213,4307,0,64,27,53,0,10,10,10,0,2,1,2,0,0,0,0,success_empty_patch,success,success,success,21,28,26,25,25,30,27,23,568530,979917,884558,799248,2425,8650,6989,7358,570955,988567,891547,806606,33778,46810,47583,48697,170.911,367.842,307.66,325.907,2785,22434,27268,15874,0,19613,24438,13044,normal_no_edit,,,,
sympy__sympy-23852,sympy/sympy,sympy__sympy-23117,sympy__sympy-23852,c5cef2499d6eed024b0db5c792d6ec7c53baa470,True,0,0,0,0,unresolved,no_patch,unresolved,unresolved,,No patch,,,0,1,0,0,1,0,1,1,0,0,0,0,0,1,0,0,682,0,1707,682,4,0,21,4,1,0,1,1,1,0,2,1,0,0,0,0,success,success_empty_patch,success,success,14,9,14,12,15,9,14,13,349445,188543,439080,299055,2774,1704,3731,3623,352219,190247,442811,302678,32818,27043,43256,30176,144.889,447.456,182.396,156.122,2800,19551,24062,15491,0,16715,21217,12646,,normal_no_edit,,,
sympy__sympy-26642,sympy/sympy,sympy__sympy-24102,sympy__sympy-26642,58598660a3f6ab3d918781c4988c2e4b2bdd9297,True,0,0,0,0,no_patch,unresolved,unresolved,unresolved,No patch,,,,1,0,0,0,0,1,1,1,0,0,0,0,1,0,0,0,0,447,447,1809,0,1,1,24,0,1,1,1,0,1,1,2,0,0,0,0,success_empty_patch,success,success,success,4,0,0,0,4,32,37,24,199677,1203625,1711684,772145,3292,7345,17326,4975,202969,1210970,1729010,777120,30190,52415,60417,44424,373.295,359.44,624.744,251.021,2335,21921,27785,19456,0,19550,25405,17076,normal_no_edit,,,,
sympy__sympy-27868,sympy/sympy,sympy__sympy-24102,sympy__sympy-27868,22fc107a94eaabc4f6eb31470b39db65abb7a394,True,0,0,0,0,no_patch,unresolved,unresolved,unresolved,No patch,,,,1,0,0,0,0,1,1,1,0,0,0,0,1,0,0,0,0,935,934,935,0,2,2,2,0,2,2,2,0,1,1,1,0,0,0,0,success_empty_patch,success,success,success,15,5,0,4,16,5,25,6,440709,1118474,988995,1824199,49374,7319,68472,139285,490083,1125793,1057467,1963484,65538,48928,98305,98304,1515.043,491.103,1940.203,3849.14,4758,24344,30208,21879,0,19550,25405,17076,normal_no_edit,,,,
sympy__sympy-8772,sympy/sympy,sympy__sympy-13437,sympy__sympy-8772,674afc619d7f5c519b6a5393a8b0532a131e57e0,True,0,0,0,0,unresolved,unresolved,unresolved,unresolved,,,,,0,0,0,0,1,1,1,1,0,0,0,0,0,0,0,0,547,1126,1126,547,3,7,7,3,0,0,0,0,1,2,2,1,0,0,0,0,success,success,success,success,18,14,24,10,17,12,22,11,313702,276614,640862,201346,2558,2366,3618,1784,316260,278980,644480,203130,22865,26796,34145,22147,136.903,115.063,387.847,93.345,1444,32923,39316,19001,0,31443,37827,17512,,,,,
sympy__sympy-9123,sympy/sympy,sympy__sympy-12236,sympy__sympy-9123,d60497958f6dea7f5e25bc41e9107a6a63694d01,True,0,0,0,0,unresolved,unresolved,unresolved,unresolved,,,,,0,0,0,0,1,1,1,1,0,0,0,0,0,0,0,0,1249,528,1324,481,14,5,16,4,0,0,0,0,2,1,2,1,0,0,0,0,success,success,success,success,42,21,22,25,45,22,23,26,1298895,652297,804307,747684,58900,86629,33886,49546,1357795,738926,838193,797230,65543,65538,43338,65538,1859.417,2202.537,913.469,1305.278,1554,23525,29286,16284,0,21935,27687,14685,,,,,
sympy__sympy-9384,sympy/sympy,sympy__sympy-21055,sympy__sympy-9384,70cd4ffd093ac224fc0226c1be58f9163e2c800a,True,0,0,0,0,no_patch,unresolved,unresolved,no_patch,No patch,,,No patch,1,0,0,1,0,1,1,0,0,0,0,0,1,0,0,1,0,3946,4040,0,0,106,88,0,0,1,1,0,0,1,1,0,0,0,0,0,success_empty_patch,success,success,success_empty_patch,19,55,38,24,18,55,36,25,430953,2174847,3436338,749588,4498,23369,99458,67879,435451,2198216,3535796,817467,33237,58204,98304,98304,734.437,912.15,2983.312,2095.297,1626,21275,26109,14715,0,19613,24438,13044,normal_no_edit,,,normal_no_edit,
